user_id,state_id,country_id,user_status_id,full_name,first_name,middle_name,last_name,primary_email_address,primary_phone_number,addr_ln1,addr_ln2,addr_ln3,city_name,zip_code,last_location,last_updated_at,time_zone,profile_picture_path,gender,language_1,language_2,language_3,promotion_wizard_stage,promotion_wizard_last_update_at,external_auth_provider,dob,is_eu
SID-00-000-000-000-000-001,US-WA,1,1,Donald Walker,Jill,,Rhodes,garzaanthony@example.org,538.990.8386,26542 Susan Junction Apt. 161,,,Seattle,47553,"(-122.311918,47.623218)",2026-08-17 20:17:01,America/Chicago,,Female,,,,2,2026-08-17 20:17:01,,1985-12-20,False
SID-00-000-000-000-000-002,US-FL,1,1,Renee Blair,Amanda,,Dudley,smiller@example.net,+1-659-931-0341x316,55341 Amanda Gardens Apt. 764,,,Orlando,84387,"(-81.3652,28.587252)",2026-04-21 05:46:35,America/New_York,,Female,,,,1,2026-04-21 05:46:35,email,1999-01-29,False
SID-00-000-000-000-000-003,US-FL,1,1,Frederick Tate,Brian,,Underwood,richard13@example.net,001-653-876-7242x388,3287 Katelyn Wall Apt. 226,,,Orlando,78673,"(-81.337886,28.494919)",2026-08-03 22:43:30,America/Los_Angeles,,Prefer not to say,,,,4,2026-08-03 22:43:30,facebook,1989-01-15,False
SID-00-000-000-000-000-004,US-NC,1,3,Zachary Rice,Tasha,,Valencia,frazierdanny@example.net,001-645-514-6270x48281,2880 Burns Creek,,,Charlotte,48077,"(-80.836963,35.201763)",2026-06-21 20:26:37,America/Chicago,,Female,,,,5,2026-06-21 20:26:37,,1949-09-08,False
SID-00-000-000-000-000-005,US-CA,1,3,Elizabeth Brown,Natalie,Stacey,Miller,wcabrera@example.net,001-822-778-2489x63834,713 Caleb Brooks Apt. 930,,,San Jose,09806,"(-121.921016,37.37431)",2026-03-29 03:54:45,America/Los_Angeles,,Prefer not to say,,,,5,2026-03-29 03:54:45,email,2001-01-17,False
SID-00-000-000-000-000-006,US-GA,1,1,Austin Johnson,Mark,,Palmer,elizabeth38@example.org,001-899-973-7631x1656,106 Mcbride Coves,,,Atlanta,33092,"(-84.426545,33.767028)",2026-07-17 21:11:47,America/Denver,,Male,,,,3,2026-07-17 21:11:47,,1990-04-13,False
SID-00-000-000-000-000-007,US-TX,1,3,Brenda White,Steven,,Baxter,ramosmichelle@example.net,908-501-3267,26064 Mitchell Square Suite 234,,,Houston,29035,"(-95.347591,29.710725)",2026-07-26 18:41:25,America/New_York,,Non-binary,,,,5,2026-07-26 18:41:25,facebook,1957-10-03,False
SID-00-000-000-000-000-008,US-TX,1,1,Kimberly Adkins,Brian,,Silva,brianromero@example.org,291-336-1939,998 Donovan Ford Suite 346,,,Houston,17655,"(-95.365862,29.786651)",2026-08-30 09:16:07,America/Los_Angeles,,Male,,,,1,2026-08-30 09:16:07,email,2006-09-18,False
SID-00-000-000-000-000-009,US-MD,1,1,Eugene Walton,Charles,,Ellis,jonesjason@example.com,(651)235-4278,124 Pamela Summit Apt. 449,,,Rockville,28108,"(-77.178713,39.057945)",2026-04-01 23:20:03,America/New_York,,Female,,,,2,2026-04-01 23:20:03,,1988-01-02,False
SID-00-000-000-000-000-010,US-GA,1,3,Mark Baker,Tracy,,Whitehead,davisrodney@example.com,2053242786,280 Aguilar Drive,,,Atlanta,56834,"(-84.350757,33.725506)",2026-02-15 21:57:54,America/Chicago,,Non-binary,,,,4,2026-02-15 21:57:54,email,1990-11-23,False
SID-00-000-000-000-000-011,US-IL,1,1,Steven Flynn,Michelle,,Nolan,evelynestrada@example.com,001-686-492-3226x02563,0733 Bailey View,,,Naperville,30332,"(-88.178709,41.745949)",2025-11-09 07:54:03,America/Chicago,,Female,,,,1,2025-11-09 07:54:03,google,1953-09-18,False
SID-00-000-000-000-000-012,US-CO,1,1,Jennifer Ramirez,Chad,,Ayala,darlene68@example.com,8147294019,9816 Jonathan Station Suite 088,,,Aurora,90528,"(-104.87516,39.685287)",2025-10-09 01:12:47,America/Denver,,Prefer not to say,,,,2,2025-10-09 01:12:47,facebook,1959-09-24,False
SID-00-000-000-000-000-013,US-CO,1,1,Megan Diaz,Chad,Elizabeth,Rivera,elizabeth14@example.net,665-864-8236x6299,4369 Marshall Mills,,,Aurora,89056,"(-104.8576,39.737021)",2026-06-10 10:55:41,America/Los_Angeles,,Non-binary,,,,4,2026-06-10 10:55:41,,1991-01-04,False
SID-00-000-000-000-000-014,US-IL,1,1,Steven Flynn,Gene,,Miller,clarence34@example.org,820.503.7917,6320 Kimberly Forges Apt. 870,,,Naperville,73561,"(-88.138154,41.706217)",2026-06-06 00:19:26,America/Denver,,Male,,,,2,2026-06-06 00:19:26,facebook,1959-02-24,False
SID-00-000-000-000-000-015,US-NY,1,1,Joyce Solis,Elizabeth,,Travis,stephanie79@example.net,968.372.7743x48734,45581 Edward Lights Apt. 316,,,Albany,53925,"(-73.764012,42.647461)",2026-07-30 16:28:12,America/New_York,,Prefer not to say,,,,5,2026-07-30 16:28:12,google,1961-05-21,False
SID-00-000-000-000-000-016,US-VA,1,1,Antonio Wall,Perry,,Carrillo,gateskathy@example.com,805.946.6889x3734,5627 Tina Place,,,Norfolk,04035,"(-76.252297,36.900728)",2025-09-14 00:58:37,America/Los_Angeles,,Female,,,,4,2025-09-14 00:58:37,google,1966-07-13,False
SID-00-000-000-000-000-017,US-TX,1,2,Mary Miller,Roy,,Camacho,brentgray@example.org,755.564.6417x080,003 Mary Road,,,Houston,20474,"(-95.380758,29.710616)",2026-04-10 04:41:09,America/Los_Angeles,,Female,,,,2,2026-04-10 04:41:09,email,2002-10-28,False
SID-00-000-000-000-000-018,US-NY,1,1,Brian Gould,Steven,Jonathan,Wood,stricklandfrank@example.com,590-349-6631,919 Michael Meadow Suite 185,,,New York City,02159,"(-74.00178,40.720718)",2026-08-20 04:39:03,America/Los_Angeles,,Female,,,,1,2026-08-20 04:39:03,google,1960-09-18,False
SID-00-000-000-000-000-019,US-AZ,1,1,Ashley Yu,Cynthia,,Poole,ryangross@example.net,998-577-6945x314,965 Troy Islands Apt. 735,,,Phoenix,34363,"(-112.117204,33.405252)",2026-05-12 07:26:24,America/Chicago,,Male,,,,5,2026-05-12 07:26:24,google,1999-03-18,False
SID-00-000-000-000-000-020,US-FL,1,1,Meredith Hill,Alejandro,,Vaughan,allenrichard@example.net,001-937-777-0143x63495,855 Nelson Glen Apt. 135,,,Tampa,16171,"(-82.454922,27.958967)",2025-12-28 04:41:31,America/Los_Angeles,,Female,,,,3,2025-12-28 04:41:31,,1967-02-16,False
SID-00-000-000-000-000-021,US-WA,1,1,Melissa Lee,Joanna,,Hill,tina34@example.org,(924)308-2400x842,477 Peterson Center,,,Seattle,33593,"(-122.319984,47.557132)",2026-04-02 16:54:30,America/Denver,,Female,,,,3,2026-04-02 16:54:30,google,1992-06-27,False
SID-00-000-000-000-000-022,US-MD,1,1,Rodney Morales,Charles,,Soto,hernandezlisa@example.com,831-986-9993,9649 Chelsea Streets Apt. 334,,,Baltimore,87064,"(-76.646425,39.277353)",2026-07-13 13:03:01,America/New_York,,Non-binary,,,,1,2026-07-13 13:03:01,facebook,2004-12-21,False
SID-00-000-000-000-000-023,US-NC,1,1,Juan Moore,Ricky,,Norris,ocarter@example.com,001-447-613-4936x183,02499 Gonzales Mountain,,,Charlotte,90767,"(-80.818858,35.266071)",2025-11-29 06:41:51,America/Denver,,Female,,,,3,2025-11-29 06:41:51,,1950-10-20,False
SID-00-000-000-000-000-024,US-NC,1,1,Dillon Fernandez,Samuel,,George,mnavarro@example.com,4139990490,2967 Theodore Lodge Suite 512,,,Charlotte,43729,"(-80.850742,35.18633)",2025-09-07 03:31:47,America/Chicago,,Non-binary,,,,2,2025-09-07 03:31:47,,1964-11-04,False
SID-00-000-000-000-000-025,US-GA,1,1,Matthew Morales DDS,Benjamin,,Miller,marcus68@example.org,+1-487-660-3859x77034,710 Jennifer Inlet Apt. 861,,,Augusta,29952,"(-82.059533,33.466269)",2026-08-19 04:11:10,America/Denver,,Female,,,,4,2026-08-19 04:11:10,facebook,1971-08-15,False
SID-00-000-000-000-000-026,US-VA,1,1,Julia Wilson,Marilyn,,Jimenez,william46@example.com,737.682.6398x2146,4997 Sean Orchard,,,Arlington,45737,"(-77.047691,38.868065)",2025-11-05 21:44:30,America/New_York,,Non-binary,,,,5,2025-11-05 21:44:30,,2008-03-13,False
SID-00-000-000-000-000-027,US-OH,1,2,Jamie Cantu,Molly,Tina,Allen,xhall@example.com,7573662702,87026 Charles Tunnel Suite 596,,,Cincinnati,85676,"(-84.469012,39.068555)",2025-09-21 17:44:51,America/Denver,,Prefer not to say,,,,2,2025-09-21 17:44:51,email,1966-08-18,False
SID-00-000-000-000-000-028,US-TX,1,1,Michael Ferguson,Stephanie,,Sims,cbrennan@example.net,434-631-6117,50455 Thomas Pines,,,Dallas,54509,"(-96.759783,32.73751)",2026-03-28 23:31:49,America/Los_Angeles,,Non-binary,,,,3,2026-03-28 23:31:49,facebook,1950-09-30,False
SID-00-000-000-000-000-029,US-NY,1,1,Carolyn Miller,Monica,,Harvey,tyleraguilar@example.org,647.840.7482x175,4367 John Ports Suite 944,,,New York City,03376,"(-74.016153,40.728803)",2025-09-28 07:38:01,America/Los_Angeles,,Non-binary,,,,1,2025-09-28 07:38:01,google,1981-05-04,False
SID-00-000-000-000-000-030,US-MD,1,1,Denise Knight,Gina,,Garner,lozanojulie@example.com,001-739-453-3942x10470,5623 Kristin Wells,,,Rockville,48454,"(-77.106547,39.051857)",2025-08-24 21:49:03,America/Denver,,Non-binary,,,,4,2025-08-24 21:49:03,google,2007-04-19,False
SID-00-000-000-000-000-031,US-FL,1,3,Sandra Scott,Makayla,,Olson,julie51@example.com,623-368-5160,4965 Emily Mountains Apt. 985,,,Tampa,80465,"(-82.502761,27.919608)",2025-12-06 08:27:53,America/Chicago,,Non-binary,,,,4,2025-12-06 08:27:53,google,1979-02-17,False
SID-00-000-000-000-000-032,US-PA,1,3,Rodney Blankenship,Kevin,,Ortiz,brandonjohnson@example.com,813-482-6758,179 Crosby Harbors Apt. 537,,,Pittsburgh,58788,"(-79.979561,40.452916)",2025-11-27 01:35:49,America/Los_Angeles,,Non-binary,,,,4,2025-11-27 01:35:49,email,1959-08-19,False
SID-00-000-000-000-000-033,US-GA,1,1,Ariana Jennings,Amy,,Levine,bruce43@example.org,513.590.0532x931,2904 Vanessa Plains,,,Atlanta,33354,"(-84.371507,33.718184)",2026-07-12 12:50:26,America/Denver,,Prefer not to say,,,,5,2026-07-12 12:50:26,google,2005-07-28,False
SID-00-000-000-000-000-034,US-NC,1,1,Sean Anderson,Michael,,Kramer,alfred40@example.org,001-568-211-7758x9178,0076 Parks Overpass Suite 115,,,Raleigh,80231,"(-78.609624,35.750618)",2026-08-22 08:08:25,America/Los_Angeles,,Female,,,,5,2026-08-22 08:08:25,,1995-12-29,False
SID-00-000-000-000-000-035,US-MA,1,1,Marcus Richards,Jennifer,,James,shawn96@example.org,001-318-736-7365x766,4527 Christopher Corner Apt. 615,,,Cambridge,17555,"(-71.15122,42.340569)",2026-06-15 12:54:09,America/Chicago,,Non-binary,,,,2,2026-06-15 12:54:09,facebook,1955-01-12,False
SID-00-000-000-000-000-036,US-TX,1,2,Kristina Rivera,David,,Gomez,uparrish@example.org,794-351-9832x7315,368 Chelsea Shoals Suite 024,,,Austin,92605,"(-97.694706,30.221821)",2026-05-04 22:22:35,America/Chicago,,Prefer not to say,,,,4,2026-05-04 22:22:35,,1980-09-26,False
SID-00-000-000-000-000-037,US-NY,1,1,Heather White,Douglas,,Sandoval,thomascynthia@example.org,683-766-7525,22901 Ramos Manors,,,New York City,64157,"(-74.055446,40.728406)",2026-08-28 04:14:06,America/Chicago,,Female,,,,5,2026-08-28 04:14:06,,1993-09-19,False
SID-00-000-000-000-000-038,US-VA,1,2,Daniel Hunt,Michael,,Rodriguez,trose@example.org,669.600.3432,07622 Patel Forks Suite 160,,,Norfolk,57677,"(-76.251066,36.82572)",2026-02-11 07:52:31,America/Denver,,Prefer not to say,,,,5,2026-02-11 07:52:31,,1983-12-07,False
SID-00-000-000-000-000-039,US-AZ,1,1,Shannon Johnston,Ashley,,Mckinney,zroberts@example.org,829-675-1613x69681,52181 Rebecca Keys Suite 231,,,Mesa,19695,"(-111.865584,33.409791)",2026-06-28 11:31:37,America/Denver,,Prefer not to say,,,,2,2026-06-28 11:31:37,email,1946-11-13,False
SID-00-000-000-000-000-040,US-IL,1,3,Christian Malone,Charles,Stephanie,Burton,wwebster@example.net,299.755.2717x744,7700 Decker Club,,,Chicago,84998,"(-87.656351,41.899454)",2026-01-21 00:33:38,America/Chicago,,Female,,,,4,2026-01-21 00:33:38,facebook,1961-10-24,False
SID-00-000-000-000-000-041,US-CO,1,2,Lisa Hunter,Steven,Angela,Conner,colelisa@example.net,759.378.2071,37788 Michael Haven,,,Denver,51280,"(-104.99954,39.695623)",2026-05-27 22:22:09,America/Los_Angeles,,Prefer not to say,,,,5,2026-05-27 22:22:09,google,2000-02-19,False
SID-00-000-000-000-000-042,US-AZ,1,2,Kyle Mccormick,Deborah,,Jones,grantpaul@example.com,001-692-851-9254x6291,81685 Michael Falls Apt. 573,,,Mesa,30194,"(-111.88091,33.403238)",2026-01-25 04:31:50,America/Los_Angeles,,Female,,,,4,2026-01-25 04:31:50,facebook,1971-06-10,False
SID-00-000-000-000-000-043,US-NC,1,2,Edward French,William,,Fernandez,stanleynancy@example.net,(296)822-2927,379 Goodwin Tunnel Suite 383,,,Raleigh,41063,"(-78.649314,35.778164)",2026-08-09 11:13:23,America/Los_Angeles,,Female,,,,5,2026-08-09 11:13:23,google,2008-09-07,False
SID-00-000-000-000-000-044,US-MD,1,2,Stephanie Lee,Erika,Ashley,Alexander,kimberly88@example.com,(339)324-0758,24782 Davis Forges Suite 506,,,Rockville,07481,"(-77.1365,39.093189)",2026-07-19 10:36:56,America/Los_Angeles,,Female,,,,1,2026-07-19 10:36:56,email,2006-07-09,False
SID-00-000-000-000-000-045,US-FL,1,1,James Miller,Jeffrey,,Flores,combsdebra@example.org,(304)272-7790,28986 Kimberly Freeway Suite 103,,,Orlando,55528,"(-81.396515,28.509466)",2026-08-24 11:12:25,America/Los_Angeles,,Non-binary,,,,1,2026-08-24 11:12:25,,1970-08-30,False
SID-00-000-000-000-000-046,US-VA,1,1,Amy Copeland,Vincent,,Herrera,jennifercarter@example.org,+1-253-896-2185x188,65405 Michael Street Apt. 952,,,Norfolk,06312,"(-76.235909,36.854742)",2025-12-25 21:38:08,America/New_York,,Male,,,,2,2025-12-25 21:38:08,facebook,1985-12-09,False
SID-00-000-000-000-000-047,US-AZ,1,3,Marvin Greer,Gail,,Pollard,zwelch@example.org,670-843-0305,0345 Michelle Isle Suite 156,,,Phoenix,52932,"(-112.100146,33.460534)",2026-02-17 06:00:16,America/Los_Angeles,,Non-binary,,,,3,2026-02-17 06:00:16,facebook,1967-11-18,False
SID-00-000-000-000-000-048,US-OH,1,1,Jasmine Beltran,Tyler,,Jimenez,laurie61@example.com,+1-828-445-1154x479,7059 Hill Turnpike Apt. 165,,,Cincinnati,67752,"(-84.490164,39.149473)",2026-08-30 14:45:03,America/New_York,,Male,,,,3,2026-08-30 14:45:03,,1992-07-07,False
SID-00-000-000-000-000-049,US-FL,1,1,Tiffany Thomas,Cathy,,Harrington,martinezjoel@example.net,(456)790-9275x571,4310 Victor Loaf Apt. 447,,,Tampa,28625,"(-82.44799,27.920433)",2026-06-19 08:24:20,America/Denver,,Male,,,,5,2026-06-19 08:24:20,google,1996-02-27,False
SID-00-000-000-000-000-050,US-WA,1,1,Thomas Henry,David,,Farrell,tthompson@example.com,455-718-8442,32370 Spencer Land,,,Tacoma,61764,"(-122.457243,47.245738)",2026-06-10 12:17:51,America/Los_Angeles,,Male,,,,4,2026-06-10 12:17:51,email,2008-06-16,False
SID-00-000-000-000-000-051,US-PA,1,1,Lisa Miller,Kyle,,Key,xfox@example.com,001-412-451-7785,8018 Kevin Estates,,,Pittsburgh,42792,"(-80.002351,40.461331)",2026-08-19 06:48:53,America/Los_Angeles,,Prefer not to say,,,,4,2026-08-19 06:48:53,email,1996-04-26,False
SID-00-000-000-000-000-052,US-WA,1,2,Travis Stone,Justin,,Miller,cynthiapierce@example.org,+1-749-281-8299x2299,09439 Montgomery Burgs,,,Seattle,65779,"(-122.373434,47.639273)",2026-03-21 20:31:49,America/Los_Angeles,,Non-binary,,,,1,2026-03-21 20:31:49,,2004-07-29,False
SID-00-000-000-000-000-053,US-AZ,1,1,Maria Turner,John,,Aguirre,eevans@example.net,4277677359,562 Robertson Coves Suite 371,,,Tucson,35559,"(-111.003488,32.190784)",2026-04-11 00:24:49,America/Denver,,Male,,,,5,2026-04-11 00:24:49,facebook,2001-09-10,False
SID-00-000-000-000-000-054,US-CA,1,2,Anthony Dougherty,Michelle,,Barnes,lisapeck@example.net,532-578-7747x01687,04797 Herrera Vista Apt. 624,,,San Jose,95856,"(-121.887442,37.360207)",2026-08-18 17:12:43,America/Los_Angeles,,Prefer not to say,,,,1,2026-08-18 17:12:43,google,1974-01-04,False
SID-00-000-000-000-000-055,US-NC,1,1,Andrew Williams,Anna,,Cox,charles87@example.net,599-812-1655x852,02578 Hernandez Passage,,,Charlotte,18822,"(-80.868769,35.21754)",2026-07-27 04:14:03,America/Denver,,Prefer not to say,,,,5,2026-07-27 04:14:03,email,1968-09-23,False
SID-00-000-000-000-000-056,US-WA,1,1,Carla Ewing,Jodi,,Evans,william88@example.com,001-994-670-5516x940,097 Alexandria Stravenue,,,Tacoma,81731,"(-122.463638,47.248275)",2025-09-30 18:43:45,America/Chicago,,Female,,,,2,2025-09-30 18:43:45,,1966-05-07,False
SID-00-000-000-000-000-057,US-NC,1,1,Roberto Allen,Ashley,,Graves,andrewedwards@example.org,(836)789-7028x38578,8585 Bishop Fields,,,Durham,32812,"(-78.872579,36.002959)",2026-06-03 11:51:18,America/Denver,,Female,,,,3,2026-06-03 11:51:18,facebook,1994-06-27,False
SID-00-000-000-000-000-058,US-NC,1,3,Todd Hendrix,Kellie,,Bush,wstewart@example.net,001-344-719-8665x2404,473 Maria Groves Suite 219,,,Charlotte,97611,"(-80.880442,35.247902)",2025-03-19 16:54:45,America/Chicago,,Prefer not to say,,,,1,2025-03-19 16:54:45,google,1963-04-07,False
SID-00-000-000-000-000-059,US-OH,1,1,Michael Schmidt,Dana,,Williams,erivera@example.org,+1-520-282-6773x45401,2067 Sharon Well,,,Cleveland,38442,"(-81.700353,41.49624)",2025-07-03 02:31:09,America/Los_Angeles,,Male,,,,1,2025-07-03 02:31:09,,1982-08-28,False
SID-00-000-000-000-000-060,US-IL,1,3,Keith Rodriguez,Tonya,,Mitchell,ismall@example.net,543.415.2742x054,8516 Jack Dam Suite 530,,,Chicago,34682,"(-87.611155,41.885802)",2025-08-22 17:38:27,America/New_York,,Female,,,,1,2025-08-22 17:38:27,,2000-12-02,False
SID-00-000-000-000-000-061,US-OH,1,2,Derek Rivera,Brandi,,Berry,desiree30@example.net,774-526-8414,72795 Miles Mountains,,,Cincinnati,99768,"(-84.539431,39.132174)",2026-07-08 14:50:17,America/Denver,,Prefer not to say,,,,3,2026-07-08 14:50:17,google,1969-11-07,False
SID-00-000-000-000-000-062,US-OH,1,1,Colleen Wright,Karen,,Marks,foxallison@example.com,491-408-8398,713 Davis Pass Suite 072,,,Cincinnati,67773,"(-84.485726,39.063023)",2026-06-11 19:53:38,America/Chicago,,Female,,,,2,2026-06-11 19:53:38,google,1979-07-20,False
SID-00-000-000-000-000-063,US-TX,1,1,Kristin Chambers,Kyle,,Johnson,lisa39@example.org,6658180170,65676 Miller Shore,,,Austin,71188,"(-97.724163,30.258052)",2026-04-24 02:32:12,America/Denver,,Prefer not to say,,,,1,2026-04-24 02:32:12,facebook,1971-11-10,False
SID-00-000-000-000-000-064,US-MD,1,1,Barbara Haney,Phillip,,Anderson,maryavila@example.com,386.286.3375x243,033 Craig Bypass Suite 903,,,Rockville,97565,"(-77.140294,39.112783)",2026-08-15 14:34:51,America/Chicago,,Female,,,,3,2026-08-15 14:34:51,facebook,1954-01-24,False
SID-00-000-000-000-000-065,US-CA,1,2,Joshua Webster,Kimberly,Donald,Holder,lisadennis@example.com,001-695-634-2836,926 Williams Key,,,San Jose,84821,"(-121.905539,37.304792)",2026-08-19 17:50:21,America/Denver,,Prefer not to say,,,,3,2026-08-19 17:50:21,,1948-06-21,False
SID-00-000-000-000-000-066,US-IL,1,3,Emma Butler,Edward,,Bennett,oallen@example.com,001-627-508-6688x263,175 Amanda Village Apt. 046,,,Chicago,88800,"(-87.590858,41.887904)",2026-08-10 04:14:11,America/New_York,,Female,,,,5,2026-08-10 04:14:11,google,1987-12-25,False
SID-00-000-000-000-000-067,US-MA,1,2,Benjamin Ballard,Briana,,Powers,timothybooth@example.com,603-831-7393x6385,544 Hunt Parks Suite 175,,,Cambridge,27125,"(-71.102075,42.405742)",2026-08-20 23:26:19,America/Los_Angeles,,Non-binary,,,,2,2026-08-20 23:26:19,,1983-10-19,False
SID-00-000-000-000-000-068,US-PA,1,1,Justin Walker,Dustin,,Green,mphillips@example.com,969.937.8547,522 White Plains,,,Pittsburgh,84624,"(-79.998899,40.487506)",2026-03-23 14:49:09,America/Chicago,,Non-binary,,,,4,2026-03-23 14:49:09,,1969-01-15,False
SID-00-000-000-000-000-069,US-NC,1,2,Sara Jones,Lisa,Brandon,Smith,meganhall@example.net,(903)987-5099,88600 Nichols Heights,,,Durham,02747,"(-78.867243,36.038519)",2026-03-11 09:33:53,America/Denver,,Non-binary,,,,1,2026-03-11 09:33:53,,2005-12-28,False
SID-00-000-000-000-000-070,US-AZ,1,2,Jessica Case,Harry,Samantha,Warren,jamesfox@example.com,361-856-7933x410,8700 Christopher Vista Suite 591,,,Mesa,69727,"(-111.881385,33.447693)",2026-05-27 03:38:35,America/Denver,,Prefer not to say,,,,4,2026-05-27 03:38:35,google,1977-04-29,False
SID-00-000-000-000-000-071,US-NY,1,1,Steven Schwartz,Ashley,Joseph,Glass,rachel90@example.org,703-892-6142x93968,185 Connor Fort,,,Buffalo,10464,"(-78.835633,42.891322)",2026-06-13 12:55:02,America/Chicago,,Female,,,,3,2026-06-13 12:55:02,google,2003-08-05,False
SID-00-000-000-000-000-072,US-GA,1,1,Tina Sanders,Kim,,Johnson,kristen77@example.org,(386)662-9619x431,2655 Christopher Inlet,,,Savannah,58793,"(-81.041974,32.040221)",2026-03-23 13:04:49,America/Chicago,,Prefer not to say,,,,3,2026-03-23 13:04:49,email,1967-02-22,False
SID-00-000-000-000-000-073,US-FL,1,2,Casey Lopez,Shane,Angela,Russell,davisangela@example.net,+1-456-804-6618x398,44472 Gary Harbor,,,Orlando,55695,"(-81.404827,28.586324)",2026-04-02 06:24:22,America/Chicago,,Male,,,,3,2026-04-02 06:24:22,,1968-05-12,False
SID-00-000-000-000-000-074,US-WA,1,3,Heather Raymond,Jennifer,,Simpson,stephentaylor@example.org,(559)965-7569x2459,65479 Mark Harbors Suite 519,,,Tacoma,26689,"(-122.494043,47.229617)",2026-08-02 10:24:49,America/Los_Angeles,,Female,,,,4,2026-08-02 10:24:49,,1964-07-27,False
SID-00-000-000-000-000-075,US-WA,1,1,Melanie Pierce,Stephanie,,Murray,samuelcarter@example.net,867-324-3426,796 Stephens Turnpike Suite 891,,,Spokane,14836,"(-117.421657,47.663992)",2026-04-24 15:25:15,America/Chicago,,Prefer not to say,,,,2,2026-04-24 15:25:15,,1982-12-30,False
SID-00-000-000-000-000-076,US-VA,1,1,Heather Holland,Bradley,,Terrell,vrasmussen@example.com,501-943-8889,7982 Cuevas Orchard Apt. 461,,,Arlington,15714,"(-77.070477,38.906071)",2026-03-23 01:10:42,America/New_York,,Female,,,,5,2026-03-23 01:10:42,email,1994-02-17,False
SID-00-000-000-000-000-077,US-AZ,1,1,Hannah Cooper,Kristen,,Boyd,thomas77@example.com,440-410-5123,673 Soto Ferry Suite 609,,,Phoenix,26364,"(-112.079969,33.485819)",2026-08-09 23:19:01,America/Los_Angeles,,Female,,,,1,2026-08-09 23:19:01,,1998-01-22,False
SID-00-000-000-000-000-078,US-MA,1,1,Aaron Lewis,Joshua,,Padilla,raylauren@example.net,(755)837-1478,155 Williamson Via Suite 991,,,Worcester,88595,"(-71.78303,42.246456)",2026-06-05 08:07:46,America/Los_Angeles,,Non-binary,,,,4,2026-06-05 08:07:46,google,1974-01-04,False
SID-00-000-000-000-000-079,US-OH,1,1,Eric White,Heather,,Dixon,kcarlson@example.com,(227)782-8274x22579,2368 Ortiz Overpass,,,Columbus,54978,"(-82.98036,39.934677)",2025-11-08 13:27:30,America/New_York,,Male,,,,4,2025-11-08 13:27:30,facebook,1954-02-15,False
SID-00-000-000-000-000-080,US-CO,1,1,Christopher Cunningham,Laura,,Walker,hillamanda@example.org,001-979-578-8191x48580,34074 Atkins Corners Suite 133,,,Boulder,97181,"(-105.315901,40.055342)",2025-09-29 10:54:35,America/Chicago,,Female,,,,5,2025-09-29 10:54:35,,1990-06-05,False
SID-00-000-000-000-000-081,US-OH,1,2,Michael Chen,Gabriel,,Taylor,lisatrujillo@example.net,(384)498-2544x948,42232 Poole Trace Suite 729,,,Cincinnati,83391,"(-84.545002,39.132352)",2026-06-19 17:49:37,America/Chicago,,Prefer not to say,,,,5,2026-06-19 17:49:37,facebook,1982-09-22,False
SID-00-000-000-000-000-082,US-NY,1,2,Jesse Schultz,Nicole,,Davis,heather57@example.com,790-617-5186x36374,929 Kramer Springs Apt. 017,,,Buffalo,02635,"(-78.882443,42.90019)",2026-06-03 20:42:34,America/Chicago,,Male,,,,4,2026-06-03 20:42:34,email,1962-08-13,False
SID-00-000-000-000-000-083,US-OH,1,1,Jessica Smith,Susan,James,Barker,nicoleturner@example.com,554-815-2064,103 Miller Ramp,,,Cleveland,30148,"(-81.701969,41.513194)",2026-07-04 02:12:19,America/Los_Angeles,,Prefer not to say,,,,1,2026-07-04 02:12:19,facebook,1953-07-06,False
SID-00-000-000-000-000-084,US-FL,1,1,Adam Cooper,David,,Dalton,timperez@example.org,001-211-455-4262x2189,3269 Heath Corners Apt. 219,,,Tampa,96184,"(-82.477613,27.936496)",2026-07-26 19:26:39,America/Los_Angeles,,Non-binary,,,,1,2026-07-26 19:26:39,google,1978-05-30,False
SID-00-000-000-000-000-085,US-MD,1,1,Emily Taylor,Joshua,,Miller,kimberly04@example.org,398.236.4037x61379,2696 Payne Extensions Suite 109,,,Annapolis,09352,"(-76.458916,39.002917)",2026-06-08 13:28:31,America/Denver,,Female,,,,2,2026-06-08 13:28:31,email,1969-11-17,False
SID-00-000-000-000-000-086,US-PA,1,1,Thomas Fry,Raymond,,Mitchell,zhenderson@example.org,+1-788-892-4141x8328,6303 Sandy Crescent,,,Allentown,59925,"(-75.472114,40.635147)",2026-08-18 05:08:35,America/New_York,,Non-binary,,,,4,2026-08-18 05:08:35,google,1946-07-22,False
SID-00-000-000-000-000-087,US-OH,1,2,Maxwell Barrett,Gregory,Alexander,Taylor,martinstephanie@example.net,342.952.4105x64814,507 Michael Glens Apt. 913,,,Cleveland,97596,"(-81.735387,41.522536)",2025-12-23 02:30:01,America/Chicago,,Non-binary,,,,5,2025-12-23 02:30:01,email,1984-04-05,False
SID-00-000-000-000-000-088,US-AZ,1,1,Scott Sanchez,Thomas,,Reyes,haroldhorne@example.org,+1-763-353-6541,38061 Cline Trail,,,Phoenix,41224,"(-112.041531,33.424097)",2026-05-04 21:12:43,America/Los_Angeles,,Male,,,,2,2026-05-04 21:12:43,facebook,1977-09-28,False
SID-00-000-000-000-000-089,US-AZ,1,1,Aimee Gonzalez,Anne,,Torres,stevenvargas@example.com,001-838-632-0603x85050,83670 Jennifer Course,,,Mesa,06255,"(-111.783506,33.437622)",2026-05-19 21:41:43,America/New_York,,Non-binary,,,,5,2026-05-19 21:41:43,google,1966-04-22,False
SID-00-000-000-000-000-090,US-IL,1,1,Kelly Haynes,Nathan,Terri,Miller,wagnerdana@example.com,799-806-2344,7431 Derek Trail Apt. 212,,,Springfield,59426,"(-89.632866,39.798983)",2026-06-13 00:41:50,America/Chicago,,Prefer not to say,,,,1,2026-06-13 00:41:50,email,2003-09-23,False
SID-00-000-000-000-000-091,US-MD,1,2,Joshua Oconnell,Jared,Kyle,Baker,davislindsey@example.com,001-690-635-2135x680,67883 Steven Unions,,,Annapolis,18823,"(-76.535878,38.950537)",2026-04-23 23:11:25,America/New_York,,Male,,,,3,2026-04-23 23:11:25,,1975-01-18,False
SID-00-000-000-000-000-092,US-CA,1,1,Richard Walker,James,,Morales,aguilarjonathan@example.org,9132721510,667 Patrick Meadow,,,San Jose,23151,"(-121.882545,37.31168)",2026-04-24 01:08:58,America/Los_Angeles,,Female,,,,4,2026-04-24 01:08:58,google,1953-05-03,False
SID-00-000-000-000-000-093,US-AZ,1,1,Denise Griffin,Edgar,,Mendez,deborahporter@example.net,701.946.2638x3806,9856 White Island Apt. 040,,,Tucson,62325,"(-110.930795,32.234165)",2025-08-31 16:36:35,America/Los_Angeles,,Female,,,,3,2025-08-31 16:36:35,google,1967-12-26,False
SID-00-000-000-000-000-094,US-PA,1,2,Yvonne Dickson,Craig,,Sandoval,amanda03@example.net,(452)523-9559x0599,427 Christopher Fort Apt. 087,,,Pittsburgh,00590,"(-79.948116,40.445047)",2025-10-30 02:31:57,America/New_York,,Prefer not to say,,,,1,2025-10-30 02:31:57,facebook,1979-01-15,False
SID-00-000-000-000-000-095,US-PA,1,1,Renee Peterson,Gregory,,Lang,brian29@example.net,(718)651-5691,26752 Walker Radial Apt. 644,,,Allentown,17192,"(-75.538064,40.618115)",2025-12-20 15:17:15,America/Chicago,,Male,,,,5,2025-12-20 15:17:15,facebook,1966-08-02,False
SID-00-000-000-000-000-096,US-OH,1,3,Michael Berry,Melissa,Kelli,Bradley,carriemccall@example.net,791.472.5135,570 Clark Square,,,Columbus,09386,"(-83.0255,39.992505)",2026-08-26 08:45:55,America/Chicago,,Female,,,,5,2026-08-26 08:45:55,email,1956-11-18,False
SID-00-000-000-000-000-097,US-MA,1,1,Michelle Williams,Samuel,,Barnes,nicolesnyder@example.com,(286)717-9327x104,15262 Amy Course Suite 997,,,Boston,92841,"(-71.022255,42.321093)",2025-04-24 22:00:24,America/Chicago,,Non-binary,,,,1,2025-04-24 22:00:24,facebook,1967-10-07,False
SID-00-000-000-000-000-098,US-NC,1,2,Carmen Preston,Eric,,Garcia,terriortiz@example.net,001-284-744-3106x9872,1497 Collin Ford,,,Charlotte,22892,"(-80.851004,35.189776)",2025-05-18 15:23:02,America/Denver,,Male,,,,4,2025-05-18 15:23:02,facebook,1947-08-22,False
SID-00-000-000-000-000-099,US-OH,1,1,Kara Wilson,Kristen,,Ruiz,christopher86@example.org,(265)427-0477x434,58693 Mary Viaduct,,,Columbus,68996,"(-82.957925,39.983924)",2026-07-17 09:54:45,America/New_York,,Male,,,,4,2026-07-17 09:54:45,,1985-11-22,False
SID-00-000-000-000-000-100,US-FL,1,1,Sharon Wells,Nicole,,Alvarez,fostermelissa@example.org,898.399.2172x23320,29451 Paul Locks Suite 487,,,Tampa,02121,"(-82.43596,27.911396)",2026-01-09 01:35:03,America/Chicago,,Male,,,,2,2026-01-09 01:35:03,email,1972-01-23,False
SID-00-000-000-000-000-101,US-OH,1,3,Kelly Barnes,Robert,,Hernandez,buckleyanna@example.org,885-464-6799x7024,65307 Prince Brooks Suite 444,,,Cincinnati,64938,"(-84.490785,39.111636)",2026-06-12 20:40:05,America/Los_Angeles,,Male,,,,1,2026-06-12 20:40:05,facebook,1995-03-29,False
SID-00-000-000-000-000-102,US-FL,1,2,Valerie Perez,Kevin,,Manning,joseph69@example.net,437-336-7850,862 Glenn Wells Apt. 030,,,Orlando,60328,"(-81.387819,28.577109)",2026-05-23 02:16:00,America/Denver,,Prefer not to say,,,,3,2026-05-23 02:16:00,email,1999-10-03,False
SID-00-000-000-000-000-103,US-WA,1,1,Curtis Richardson,Steven,,Sanders,maldonadojohn@example.com,+1-272-879-8552x414,93333 Pearson Passage,,,Seattle,03129,"(-122.334673,47.624882)",2025-05-18 03:51:36,America/Denver,,Female,,,,5,2025-05-18 03:51:36,google,1948-11-14,False
SID-00-000-000-000-000-104,US-OH,1,2,Melanie Wells,David,,Thompson,walkercharlene@example.com,001-846-365-7437x489,589 Evans Coves,,,Cincinnati,63643,"(-84.494999,39.109268)",2026-04-02 09:48:02,America/New_York,,Non-binary,,,,5,2026-04-02 09:48:02,email,2000-02-27,False
SID-00-000-000-000-000-105,US-WA,1,1,Margaret Hensley MD,Jennifer,,Stafford,jacob83@example.org,+1-565-720-7446x660,875 Bruce Ville,,,Seattle,86695,"(-122.360826,47.613992)",2026-07-11 22:02:04,America/Denver,,Non-binary,,,,1,2026-07-11 22:02:04,email,1949-09-15,False
SID-00-000-000-000-000-106,US-OH,1,3,Brent Anderson,Jonathan,,Stokes,staceylam@example.net,635-934-6554,0999 Thomas Fields,,,Columbus,66099,"(-82.964284,39.991922)",2026-08-30 00:21:47,America/New_York,,Non-binary,,,,1,2026-08-30 00:21:47,facebook,2000-11-27,False
SID-00-000-000-000-000-107,US-NC,1,1,Kendra Gutierrez,Monica,,Hernandez,matthewbenitez@example.com,(252)917-5250,29271 Christina Roads Suite 667,,,Durham,50743,"(-78.856446,36.020241)",2025-10-03 00:27:39,America/Los_Angeles,,Male,,,,2,2025-10-03 00:27:39,google,1953-03-27,False
SID-00-000-000-000-000-108,US-CA,1,1,Monica Dodson,Patricia,,Sherman,andrewsmith@example.net,635.442.1689,44789 Hamilton Spur,,,Sacramento,18037,"(-121.506781,38.584648)",2026-04-30 17:57:04,America/Denver,,Male,,,,1,2026-04-30 17:57:04,facebook,1945-12-24,False
SID-00-000-000-000-000-109,US-TX,1,2,Heather Lopez,Stacy,,Hull,osmith@example.net,(830)698-2150,010 Hannah Mall,,,Dallas,58738,"(-96.838842,32.731676)",2026-08-25 05:56:24,America/Los_Angeles,,Prefer not to say,,,,3,2026-08-25 05:56:24,facebook,1967-04-12,False
SID-00-000-000-000-000-110,US-MA,1,3,Kara Hernandez,Heather,,Mccoy,robert18@example.com,+1-592-561-8914x117,356 Martin Plaza Suite 375,,,Cambridge,31238,"(-71.116709,42.334982)",2026-04-29 09:32:44,America/Denver,,Male,,,,2,2026-04-29 09:32:44,,1969-08-23,False
SID-00-000-000-000-000-111,US-OH,1,1,Susan Conley,Elizabeth,,Hernandez,chancharles@example.net,443-274-4701,5611 Alec Dam Apt. 557,,,Columbus,82002,"(-83.018658,39.911969)",2025-09-28 15:55:43,America/New_York,,Male,,,,4,2025-09-28 15:55:43,,1945-11-10,False
SID-00-000-000-000-000-112,US-TX,1,1,Jacqueline Cooper,Daniel,Ricardo,Bryant,evaughn@example.com,+1-821-720-2169x7972,277 Paige Mill,,,Austin,06526,"(-97.722733,30.255221)",2026-08-29 13:14:48,America/New_York,,Prefer not to say,,,,1,2026-08-29 13:14:48,,1962-08-04,False
SID-00-000-000-000-000-113,US-MD,1,2,Alexandria Oneill,Alicia,,Manning,tiffanysantiago@example.com,489.916.3756x28900,17535 Williams Fork Suite 631,,,Baltimore,60675,"(-76.604624,39.326611)",2026-06-08 21:41:31,America/Los_Angeles,,Male,,,,3,2026-06-08 21:41:31,facebook,1949-09-04,False
SID-00-000-000-000-000-114,US-MA,1,2,Anita Jimenez,Leslie,,Hooper,garciarobert@example.net,+1-901-799-4883,37589 Moran Lakes Suite 113,,,Cambridge,00788,"(-71.090739,42.36961)",2025-11-12 06:51:11,America/Chicago,,Prefer not to say,,,,5,2025-11-12 06:51:11,,1973-09-02,False
SID-00-000-000-000-000-115,US-GA,1,1,Tracey Carter,Alejandra,,Park,princetravis@example.net,001-361-849-3316x3735,917 Barrett Parkways,,,Atlanta,18148,"(-84.406973,33.738577)",2025-12-16 18:11:14,America/New_York,,Male,,,,5,2025-12-16 18:11:14,facebook,1967-03-11,False
SID-00-000-000-000-000-116,US-MD,1,1,Noah Tran,Ryan,Brenda,Glass,heatherthompson@example.org,569-695-8669,4722 Morrison Summit Suite 858,,,Rockville,83414,"(-77.106978,39.06911)",2026-06-15 00:12:48,America/Denver,,Female,,,,2,2026-06-15 00:12:48,facebook,2006-05-30,False
SID-00-000-000-000-000-117,US-MA,1,2,Miguel Parks,Samantha,,Anderson,williambenson@example.com,001-315-287-9968x460,00342 Vega Drive Apt. 438,,,Cambridge,04735,"(-71.064571,42.331135)",2026-08-07 16:33:56,America/Los_Angeles,,Non-binary,,,,3,2026-08-07 16:33:56,facebook,1959-05-19,False
SID-00-000-000-000-000-118,US-IL,1,1,Luis Lowe,Anna,,Walker,yyoung@example.net,506-766-5800x4397,347 Tonya Club,,,Chicago,25008,"(-87.616661,41.874992)",2025-09-14 23:24:44,America/Denver,,Prefer not to say,,,,4,2025-09-14 23:24:44,google,1968-04-13,False
SID-00-000-000-000-000-119,US-VA,1,3,Barbara Williams,Joshua,,Baker,brandyscott@example.com,720.325.9094x798,328 Kristie Estate Suite 886,,,Arlington,12552,"(-77.133327,38.91477)",2026-07-02 19:50:09,America/Los_Angeles,,Male,,,,4,2026-07-02 19:50:09,facebook,2006-04-28,False
SID-00-000-000-000-000-120,US-WA,1,1,Mary Rivera,Kelly,,Clements,wbarajas@example.net,7158739930,4840 Robertson Pass,,,Tacoma,58901,"(-122.479214,47.250463)",2026-02-02 23:46:07,America/Denver,,Male,,,,5,2026-02-02 23:46:07,facebook,1967-09-13,False
SID-00-000-000-000-000-121,US-VA,1,1,Matthew Flores,Christopher,,Davis,simsjason@example.net,001-336-213-8612x07501,8193 Russell Mission,,,Richmond,83104,"(-77.386901,37.561462)",2026-04-14 16:58:03,America/Denver,,Prefer not to say,,,,4,2026-04-14 16:58:03,email,1976-05-09,False
SID-00-000-000-000-000-122,US-PA,1,1,James Wilson,Adam,Jennifer,Brown,haynescharles@example.net,244-991-4766,326 Choi Divide,,,Allentown,39567,"(-75.477111,40.563637)",2025-10-13 12:39:31,America/Los_Angeles,,Non-binary,,,,3,2025-10-13 12:39:31,facebook,1971-03-02,False
SID-00-000-000-000-000-123,US-WA,1,2,Rebecca Daniel,Nathan,Stacy,Spencer,davidsmith@example.net,(588)614-3536x8222,29087 Kelly Cliff,,,Seattle,33359,"(-122.367957,47.614474)",2026-01-28 04:42:04,America/New_York,,Non-binary,,,,5,2026-01-28 04:42:04,,1988-05-10,False
SID-00-000-000-000-000-124,US-PA,1,1,Katelyn Rivera,David,,Rios,mitchellchad@example.org,277-759-4929x95562,64525 Ford Knolls,,,Pittsburgh,40539,"(-79.978888,40.471918)",2026-08-23 09:03:01,America/Los_Angeles,,Non-binary,,,,1,2026-08-23 09:03:01,email,1951-11-15,False
SID-00-000-000-000-000-125,US-NC,1,1,Matthew Miller,Juan,,Serrano,josemercado@example.org,001-910-480-9969x3084,3942 Mason Course Suite 580,,,Charlotte,87359,"(-80.858927,35.272217)",2026-08-24 23:49:24,America/Chicago,,Female,,,,1,2026-08-24 23:49:24,email,1976-05-13,False
SID-00-000-000-000-000-126,US-AZ,1,1,Vicki Sutton,Katherine,,Taylor,haroldfry@example.net,(775)503-7314,385 Harrison Motorway,,,Phoenix,06587,"(-112.070023,33.449169)",2026-08-23 06:46:32,America/Chicago,,Prefer not to say,,,,2,2026-08-23 06:46:32,facebook,1960-09-25,False
SID-00-000-000-000-000-127,US-TX,1,1,Ashley Schmitt,Cynthia,,Hill,beth92@example.com,+1-965-991-8463x8655,272 Chris Row,,,Dallas,37307,"(-96.766096,32.80381)",2026-04-14 12:41:50,America/Chicago,,Prefer not to say,,,,5,2026-04-14 12:41:50,email,1948-03-14,False
SID-00-000-000-000-000-128,US-MA,1,2,Jack Love,David,,Hall,jennifer77@example.com,492.460.3029,202 Nielsen Path,,,Cambridge,53644,"(-71.1363,42.40198)",2026-03-03 03:19:24,America/Chicago,,Non-binary,,,,5,2026-03-03 03:19:24,,1959-01-05,False
SID-00-000-000-000-000-129,US-IL,1,1,Alicia Ball,Dorothy,,Campbell,robinsoncatherine@example.com,923.369.2929x8425,6210 Alexandra Parkways,,,Springfield,90202,"(-89.649809,39.809512)",2026-01-24 02:53:41,America/Chicago,,Non-binary,,,,1,2026-01-24 02:53:41,,1983-06-12,False
SID-00-000-000-000-000-130,US-AZ,1,1,Brent Alvarez,Christina,Benjamin,Bowers,davisdonna@example.net,+1-506-986-5086,9916 Jonathan Trafficway Apt. 149,,,Tucson,71768,"(-111.014441,32.228054)",2026-03-26 03:19:43,America/Chicago,,Non-binary,,,,4,2026-03-26 03:19:43,facebook,1972-02-18,False
SID-00-000-000-000-000-131,US-AZ,1,1,Michael Clarke,Becky,,Wilson,brooksjamie@example.com,(851)526-9448x69594,872 Hansen Orchard Suite 495,,,Tucson,92971,"(-110.93365,32.181771)",2026-05-02 04:00:14,America/Los_Angeles,,Non-binary,,,,2,2026-05-02 04:00:14,,1971-06-07,False
SID-00-000-000-000-000-132,US-CA,1,1,Scott Wilson,Jerry,,Logan,craigromero@example.com,+1-890-326-0127,3519 Jenny Locks,,,Los Angeles,80974,"(-118.261832,34.024654)",2026-08-05 19:11:18,America/Chicago,,Male,,,,3,2026-08-05 19:11:18,,1970-10-08,False
SID-00-000-000-000-000-133,US-CO,1,1,Victor Brown,Kim,Gregory,Snyder,harrisdiane@example.net,430-398-8392x0530,5669 April Street Apt. 184,,,Denver,95677,"(-104.993389,39.765084)",2026-04-24 23:23:42,America/Chicago,,Female,,,,5,2026-04-24 23:23:42,,1987-01-10,False
SID-00-000-000-000-000-134,US-CA,1,3,Hannah Richmond,Joshua,,Obrien,shawnpowell@example.org,626-681-8184x518,9735 Maldonado Radial Apt. 714,,,Los Angeles,09355,"(-118.281515,34.025964)",2026-05-27 06:56:59,America/New_York,,Prefer not to say,,,,5,2026-05-27 06:56:59,google,1997-12-17,False
SID-00-000-000-000-000-135,US-PA,1,1,Connie Haynes,Lauren,,Gutierrez,zachary04@example.org,416-551-8275x5394,333 Clark Flats Apt. 952,,,Allentown,14484,"(-75.468346,40.615905)",2026-01-28 22:29:59,America/Chicago,,Prefer not to say,,,,2,2026-01-28 22:29:59,google,1969-10-17,False
SID-00-000-000-000-000-136,US-GA,1,3,Tyler Vasquez,Adam,Mercedes,Rubio,uwatson@example.com,001-447-228-4639,8085 Dalton Trail Apt. 718,,,Savannah,60803,"(-81.088594,32.037668)",2026-08-15 04:39:32,America/Los_Angeles,,Male,,,,4,2026-08-15 04:39:32,email,1953-03-28,False
SID-00-000-000-000-000-137,US-NC,1,1,Michael Gray,Craig,,Ward,jacob43@example.com,995.452.7636x5564,314 Angela Walks,,,Durham,50424,"(-78.869748,35.945624)",2025-12-28 11:02:26,America/Denver,,Female,,,,1,2025-12-28 11:02:26,email,1965-07-28,False
SID-00-000-000-000-000-138,US-GA,1,2,Nancy Kennedy,Alec,,Fisher,wendyatkinson@example.net,+1-357-444-8906,47175 Ward Points,,,Savannah,73572,"(-81.123691,32.112251)",2026-08-30 14:06:12,America/Chicago,,Male,,,,4,2026-08-30 14:06:12,google,1958-01-14,False
SID-00-000-000-000-000-139,US-NC,1,1,Alejandro Martinez,Michelle,,Mccarty,barbarasantos@example.net,(645)958-7716,56996 Christian Junctions,,,Charlotte,30413,"(-80.873153,35.181481)",2025-10-05 16:18:56,America/Los_Angeles,,Non-binary,,,,1,2025-10-05 16:18:56,facebook,2004-05-23,False
SID-00-000-000-000-000-140,US-NC,1,1,Michelle Jacobs,Randall,Pam,Norman,julie87@example.com,(820)323-4132,78006 Dalton River,,,Raleigh,20853,"(-78.68342,35.815814)",2026-07-28 18:35:59,America/Denver,,Prefer not to say,,,,4,2026-07-28 18:35:59,,1965-06-08,False
SID-00-000-000-000-000-141,US-MD,1,1,Jean Perez,Joan,,Ramos,davidroberson@example.org,4554778487,968 Stout Orchard Apt. 174,,,Rockville,48444,"(-77.184118,39.067904)",2026-08-09 20:24:18,America/Denver,,Male,,,,4,2026-08-09 20:24:18,google,1950-12-31,False
SID-00-000-000-000-000-142,US-FL,1,1,Adam Mills,Katherine,Derek,Mitchell,wattstravis@example.com,806-549-3085x3686,663 Miller Road,,,Tampa,31900,"(-82.489154,28.00011)",2025-12-19 22:06:37,America/Denver,,Non-binary,,,,4,2025-12-19 22:06:37,,1971-08-28,False
SID-00-000-000-000-000-143,US-TX,1,1,Lisa Benson,Joseph,,Wong,robert12@example.org,217-497-4973x5020,4270 Christopher Bridge,,,Dallas,65195,"(-96.802287,32.771091)",2026-08-30 18:28:08,America/Los_Angeles,,Non-binary,,,,1,2026-08-30 18:28:08,google,1978-03-26,False
SID-00-000-000-000-000-144,US-PA,1,1,Richard Jimenez,Nathan,Heidi,Johnson,bridgesstephanie@example.org,861-987-2346x013,037 Adriana Fords,,,Allentown,62475,"(-75.488891,40.599021)",2026-08-14 05:30:33,America/Los_Angeles,,Male,,,,2,2026-08-14 05:30:33,google,1959-05-15,False
SID-00-000-000-000-000-145,US-NY,1,3,Taylor Moore,Jessica,Julie,Dunn,kingdanielle@example.org,(803)513-6502x491,97925 John Parks,,,Albany,12481,"(-73.767915,42.639233)",2026-03-23 21:07:58,America/Los_Angeles,,Non-binary,,,,3,2026-03-23 21:07:58,,1970-03-15,False
SID-00-000-000-000-000-146,US-MA,1,1,Wayne Malone,Brian,,Kelly,jacquelinemoody@example.org,935.985.7306x5240,739 Amy Islands Suite 498,,,Boston,21517,"(-71.055954,42.367492)",2026-03-08 06:10:36,America/New_York,,Male,,,,2,2026-03-08 06:10:36,,1988-11-25,False
SID-00-000-000-000-000-147,US-GA,1,2,Edward Baker,Michael,,Smith,bgross@example.net,(693)751-8638x782,511 Bradley Curve Apt. 031,,,Savannah,64119,"(-81.129424,32.122254)",2026-08-27 12:17:32,America/Denver,,Prefer not to say,,,,2,2026-08-27 12:17:32,google,1950-01-09,False
SID-00-000-000-000-000-148,US-TX,1,1,Martin Price,Tracy,,Hanson,brandon39@example.net,803-771-7058,480 Mary Club,,,Austin,28799,"(-97.703232,30.262404)",2026-01-15 19:44:34,America/New_York,,Non-binary,,,,3,2026-01-15 19:44:34,facebook,1957-10-04,False
SID-00-000-000-000-000-149,US-CO,1,1,Neil Schmidt,Jake,Alicia,Wright,angelagrant@example.net,895-776-1228,975 Pierce Islands,,,Aurora,49223,"(-104.81813,39.772132)",2026-04-24 08:38:59,America/Chicago,,Female,,,,2,2026-04-24 08:38:59,,2006-03-16,False
SID-00-000-000-000-000-150,US-VA,1,3,Samantha Morris,John,,Gardner,vcannon@example.com,(277)660-0490x824,50488 Clinton Mount,,,Arlington,47117,"(-77.104109,38.887002)",2026-03-30 16:13:18,America/New_York,,Non-binary,,,,4,2026-03-30 16:13:18,,1971-08-31,False
SID-00-000-000-000-000-151,US-GA,1,1,Steve Wright,Jonathan,,Evans,ncarroll@example.net,257-827-9194,55661 Julie Vista,,,Savannah,79445,"(-81.058866,32.107816)",2025-06-04 15:04:23,America/Los_Angeles,,Prefer not to say,,,,5,2025-06-04 15:04:23,email,1955-07-10,False
SID-00-000-000-000-000-152,US-TX,1,3,Lynn Brown,Alice,,Flores,markwolfe@example.org,6678998136,51790 Baker Locks,,,Dallas,66275,"(-96.828804,32.790679)",2026-03-13 05:56:16,America/New_York,,Male,,,,5,2026-03-13 05:56:16,facebook,2004-03-11,False
SID-00-000-000-000-000-153,US-NC,1,3,Pamela Castillo,James,,Foster,annshea@example.net,831.846.5911,3559 Kayla Extension Suite 979,,,Charlotte,19613,"(-80.799626,35.193297)",2026-03-20 21:24:29,America/New_York,,Non-binary,,,,2,2026-03-20 21:24:29,email,1973-01-22,False
SID-00-000-000-000-000-154,US-TX,1,3,Cynthia Jennings,Eric,,Chandler,rodriguezbrian@example.net,(740)551-4770,88487 Heather Skyway,,,Dallas,02911,"(-96.793652,32.756982)",2026-04-01 20:26:33,America/Chicago,,Female,,,,5,2026-04-01 20:26:33,email,1973-06-08,False
SID-00-000-000-000-000-155,US-AZ,1,3,Kelsey Scott,Brian,,Gonzalez,brian01@example.com,+1-345-410-4636x81579,780 John Pines,,,Mesa,40468,"(-111.795122,33.369319)",2025-04-09 09:34:22,America/Chicago,,Prefer not to say,,,,5,2025-04-09 09:34:22,google,1969-05-31,False
SID-00-000-000-000-000-156,US-IL,1,1,Christopher Reed,Michael,,Garrett,wendyirwin@example.com,8464084325,689 Robert Ports,,,Naperville,20522,"(-88.139309,41.755358)",2026-02-27 04:48:51,America/Los_Angeles,,Non-binary,,,,4,2026-02-27 04:48:51,google,1966-09-13,False
SID-00-000-000-000-000-157,US-CO,1,1,Larry Cole,David,,Delgado,michelleparker@example.net,226.729.2518x81252,4742 Daniel Ferry Apt. 994,,,Denver,79878,"(-104.998738,39.705008)",2026-03-16 23:27:41,America/Denver,,Non-binary,,,,3,2026-03-16 23:27:41,,1972-07-21,False
SID-00-000-000-000-000-158,US-TX,1,1,David Mcdaniel,Michael,,Watts,manderson@example.com,001-252-667-7223x306,33127 Watts Way Suite 366,,,Houston,05983,"(-95.409182,29.761898)",2026-07-05 01:59:57,America/Chicago,,Female,,,,1,2026-07-05 01:59:57,google,1981-05-30,False
SID-00-000-000-000-000-159,US-NC,1,3,Michelle Long,Sheila,,Armstrong,meyershannon@example.org,588.660.8680,4472 Phillips Center Apt. 771,,,Raleigh,95219,"(-78.646387,35.816016)",2026-01-14 08:51:47,America/Chicago,,Female,,,,4,2026-01-14 08:51:47,,1983-12-27,False
SID-00-000-000-000-000-160,US-IL,1,2,Kevin Shannon,Amy,,Long,shannon27@example.net,001-337-814-5211x175,8602 Cunningham Shoals,,,Springfield,20173,"(-89.691095,39.781437)",2026-05-17 17:38:57,America/Chicago,,Non-binary,,,,1,2026-05-17 17:38:57,google,1977-03-24,False
SID-00-000-000-000-000-161,US-NC,1,1,Randy Williams,Kyle,,Cross,lroberts@example.org,(230)994-0777,97767 Carolyn Avenue,,,Raleigh,32576,"(-78.603915,35.789352)",2026-07-23 01:14:21,America/New_York,,Prefer not to say,,,,2,2026-07-23 01:14:21,email,1955-11-25,False
SID-00-000-000-000-000-162,US-CO,1,3,Mark Wilkins,Jared,,Lopez,delgadobenjamin@example.org,+1-499-945-1016x22499,14556 Katherine Ville Apt. 472,,,Boulder,16494,"(-105.283906,40.041386)",2025-11-28 00:12:24,America/Denver,,Non-binary,,,,1,2025-11-28 00:12:24,,2001-04-06,False
SID-00-000-000-000-000-163,US-GA,1,1,Joseph Warren,Heather,Cheryl,Rodriguez,webbhaley@example.net,969-954-8995x2997,343 David Mountain,,,Savannah,82481,"(-81.113228,32.10734)",2026-08-26 17:43:56,America/New_York,,Prefer not to say,,,,3,2026-08-26 17:43:56,email,1989-06-12,False
SID-00-000-000-000-000-164,US-GA,1,3,Christine Gilbert,Robert,Brandon,Bailey,alexharris@example.com,214-448-8501x556,5770 Timothy Road,,,Savannah,60875,"(-81.121294,32.106397)",2026-07-06 07:55:48,America/New_York,,Female,,,,3,2026-07-06 07:55:48,,1995-11-18,False
SID-00-000-000-000-000-165,US-GA,1,3,Frances Bowers,Robert,,Newton,annette58@example.net,7398551240,962 Michelle Terrace,,,Savannah,40908,"(-81.051887,32.045794)",2025-12-30 07:25:58,America/Los_Angeles,,Non-binary,,,,5,2025-12-30 07:25:58,email,2001-11-20,False
SID-00-000-000-000-000-166,US-GA,1,1,Andres Gutierrez,Tyler,,Young,tgallegos@example.org,542.715.0317x80782,845 Kayla Courts Apt. 307,,,Augusta,51302,"(-81.989626,33.476734)",2026-02-22 06:49:15,America/New_York,,Prefer not to say,,,,5,2026-02-22 06:49:15,email,1990-02-12,False
SID-00-000-000-000-000-167,US-MA,1,1,April Randolph,Gloria,,Wheeler,cookpamela@example.org,340.694.3533x44857,41098 Jamie Keys,,,Cambridge,72507,"(-71.096774,42.41081)",2026-07-10 18:57:08,America/Chicago,,Male,,,,5,2026-07-10 18:57:08,,1990-08-25,False
SID-00-000-000-000-000-168,US-TX,1,1,Michael Campbell,John,Charles,Austin,amber02@example.org,701.660.1662x9979,81792 Lisa Square Suite 174,,,Dallas,90216,"(-96.785026,32.789603)",2025-12-19 16:37:50,America/New_York,,Female,,,,1,2025-12-19 16:37:50,,1965-10-01,False
SID-00-000-000-000-000-169,US-WA,1,3,Julie Meza,Douglas,,Huang,roberta62@example.net,+1-755-477-0171x57724,1581 Patel Locks,,,Spokane,77903,"(-117.40695,47.623943)",2026-05-29 15:17:09,America/New_York,,Female,,,,5,2026-05-29 15:17:09,facebook,1986-04-14,False
SID-00-000-000-000-000-170,US-GA,1,1,Kimberly Dickson,Patrick,,Peterson,bmueller@example.net,983-421-9719x97581,1919 Murphy Rue Apt. 132,,,Savannah,76623,"(-81.093363,32.130712)",2026-02-19 12:54:32,America/Denver,,Non-binary,,,,3,2026-02-19 12:54:32,,1971-09-25,False
SID-00-000-000-000-000-171,US-NY,1,1,April Thomas,Edward,,Schmidt,cgilbert@example.org,254.894.6519,0580 Jacqueline View,,,New York City,47587,"(-74.02615,40.690701)",2026-06-15 15:48:09,America/Los_Angeles,,Non-binary,,,,4,2026-06-15 15:48:09,email,2002-08-04,False
SID-00-000-000-000-000-172,US-GA,1,2,Andre Reynolds,Brittany,,Garrett,bsullivan@example.net,427.623.8656,01027 Proctor Dale,,,Augusta,11598,"(-82.048313,33.450846)",2026-08-02 06:52:45,America/Los_Angeles,,Non-binary,,,,2,2026-08-02 06:52:45,email,1952-08-06,False
SID-00-000-000-000-000-173,US-VA,1,1,Shannon English,Heather,,Conrad,shawncoleman@example.com,(753)226-9097x3846,751 Nixon Common,,,Arlington,19124,"(-77.133097,38.927131)",2026-08-22 08:35:27,America/Chicago,,Female,,,,5,2026-08-22 08:35:27,email,1954-05-01,False
SID-00-000-000-000-000-174,US-MD,1,1,Shannon Christensen,Joshua,,Black,sanchezcrystal@example.net,+1-718-894-9058x07787,4209 Acosta Port Suite 079,,,Annapolis,22662,"(-76.528473,38.998017)",2026-08-16 03:52:48,America/Chicago,,Female,,,,1,2026-08-16 03:52:48,google,1991-09-09,False
SID-00-000-000-000-000-175,US-FL,1,1,Dorothy Mclaughlin,Anthony,,Washington,williamyork@example.com,929-744-4019x292,3728 Matthew Corner,,,Orlando,19515,"(-81.419146,28.560036)",2026-08-24 08:09:38,America/Chicago,,Prefer not to say,,,,4,2026-08-24 08:09:38,,1981-10-11,False
SID-00-000-000-000-000-176,US-PA,1,1,Sara Mullins,Robert,,Reyes,kbarber@example.org,001-950-641-0276,836 Wells Drive Suite 047,,,Philadelphia,50571,"(-75.186475,39.978191)",2026-04-18 12:43:56,America/New_York,,Female,,,,5,2026-04-18 12:43:56,google,1983-03-17,False
SID-00-000-000-000-000-177,US-MD,1,2,Melanie Williams,Samantha,Dana,Blanchard,pbishop@example.com,744-214-9673x93852,06181 Bell Stream,,,Baltimore,37633,"(-76.57844,39.282188)",2025-12-03 13:56:19,America/Denver,,Male,,,,1,2025-12-03 13:56:19,email,1988-06-06,False
SID-00-000-000-000-000-178,US-OH,1,3,Manuel Brown,Brooke,,Shannon,stephanielittle@example.net,619-626-9212,174 Schwartz Shores Suite 421,,,Cincinnati,36845,"(-84.463701,39.06383)",2026-02-02 11:27:14,America/Chicago,,Prefer not to say,,,,3,2026-02-02 11:27:14,facebook,1961-07-22,False
SID-00-000-000-000-000-179,US-MA,1,1,Gary Brown,Stephanie,Joseph,Alexander,mkrause@example.net,(227)312-8639x1741,470 Hernandez Route,,,Boston,00614,"(-71.035788,42.343168)",2026-07-08 11:51:20,America/Denver,,Non-binary,,,,5,2026-07-08 11:51:20,facebook,1994-08-23,False
SID-00-000-000-000-000-180,US-TX,1,1,Deborah Graves,Rebecca,Autumn,Robertson,zmendoza@example.net,001-218-330-6719x85546,517 Holland Fall Apt. 634,,,Dallas,91711,"(-96.757296,32.812315)",2026-06-17 07:43:48,America/New_York,,Female,,,,2,2026-06-17 07:43:48,,2004-06-16,False
SID-00-000-000-000-000-181,US-WA,1,1,Michael Tucker,Nicole,,Kim,donaldlee@example.net,001-937-261-8478,0506 Jason Shoal,,,Seattle,87967,"(-122.343743,47.556883)",2026-03-27 16:19:15,America/New_York,,Non-binary,,,,3,2026-03-27 16:19:15,facebook,1970-04-06,False
SID-00-000-000-000-000-182,US-VA,1,3,Sheila Herrera,Joyce,,Hall,johnsondonald@example.net,6793032020,291 Danny Ranch Apt. 136,,,Norfolk,44717,"(-76.305219,36.812622)",2026-08-05 08:10:58,America/Denver,,Male,,,,3,2026-08-05 08:10:58,email,1978-08-23,False
SID-00-000-000-000-000-183,US-OH,1,3,Miss Erika Daugherty,Barbara,,Taylor,kathrynwatkins@example.com,914-526-2582,19620 Miller Avenue,,,Columbus,24017,"(-83.035443,39.933113)",2026-04-18 09:00:10,America/Los_Angeles,,Female,,,,2,2026-04-18 09:00:10,google,1996-10-23,False
SID-00-000-000-000-000-184,US-GA,1,1,Linda Campbell,Heather,,Sparks,nschwartz@example.org,+1-348-676-3290x9279,0833 Valerie Court Suite 883,,,Savannah,61346,"(-81.105022,32.083717)",2026-04-05 23:47:53,America/Chicago,,Female,,,,2,2026-04-05 23:47:53,email,2004-01-13,False
SID-00-000-000-000-000-185,US-AZ,1,1,Destiny Lee,Laura,,Jennings,kjimenez@example.net,9052436459,082 Kristen Oval,,,Mesa,67990,"(-111.81347,33.409384)",2026-08-28 07:22:16,America/Los_Angeles,,Male,,,,4,2026-08-28 07:22:16,facebook,1994-03-21,False
SID-00-000-000-000-000-186,US-GA,1,1,Mikayla Watkins,Mark,,Gonzalez,jerry15@example.org,936-236-3179,39726 Taylor Stravenue Apt. 543,,,Savannah,44526,"(-81.135426,32.07658)",2026-04-24 19:42:16,America/New_York,,Female,,,,5,2026-04-24 19:42:16,google,1952-12-30,False
SID-00-000-000-000-000-187,US-VA,1,2,Amy Taylor,Melissa,Stephen,Jackson,jeffrey49@example.org,+1-992-698-3168x7397,633 Hamilton Forges,,,Arlington,78065,"(-77.134624,38.866053)",2025-04-11 09:51:22,America/Los_Angeles,,Female,,,,2,2025-04-11 09:51:22,,1953-09-13,False
SID-00-000-000-000-000-188,US-WA,1,1,Stephanie Butler,Bradley,,Esparza,simmonsphillip@example.net,477-731-8063,10742 Hodge Summit Apt. 772,,,Spokane,92662,"(-117.384288,47.653654)",2026-03-16 02:18:43,America/Chicago,,Non-binary,,,,1,2026-03-16 02:18:43,facebook,2005-04-20,False
SID-00-000-000-000-000-189,US-GA,1,1,Jacqueline Marshall,Cynthia,,Dalton,cruzhannah@example.net,7462498931,16579 Michael Extensions Apt. 832,,,Savannah,44400,"(-81.068414,32.083784)",2025-06-25 15:59:35,America/Los_Angeles,,Prefer not to say,,,,5,2025-06-25 15:59:35,,1971-03-23,False
SID-00-000-000-000-000-190,US-AZ,1,1,John Crosby,Betty,Susan,Clark,lukehurst@example.net,+1-664-901-5577x88178,137 Christopher Fall Suite 112,,,Phoenix,36669,"(-112.089384,33.423151)",2025-12-27 12:00:48,America/Los_Angeles,,Male,,,,2,2025-12-27 12:00:48,facebook,1960-09-20,False
SID-00-000-000-000-000-191,US-CA,1,1,Chris Harris,Stephanie,,Johnson,imontes@example.org,756.770.4310x3856,887 Torres Curve Suite 243,,,San Jose,63971,"(-121.891656,37.347594)",2026-08-14 06:12:14,America/New_York,,Prefer not to say,,,,4,2026-08-14 06:12:14,facebook,1952-09-28,False
SID-00-000-000-000-000-192,US-GA,1,1,Ryan Hernandez,Justin,,Huber,jennifermitchell@example.org,001-422-531-0592x745,552 West Estates,,,Atlanta,70446,"(-84.360394,33.774439)",2026-05-16 05:36:56,America/Denver,,Non-binary,,,,2,2026-05-16 05:36:56,email,1969-02-11,False
SID-00-000-000-000-000-193,US-MD,1,1,Jennifer Porter,Dustin,Stephen,Flores,cordovaamy@example.net,347-649-2975x17028,9375 Mark Rest,,,Baltimore,84559,"(-76.610075,39.33897)",2026-03-14 22:11:33,America/Chicago,,Prefer not to say,,,,5,2026-03-14 22:11:33,,1964-09-07,False
SID-00-000-000-000-000-194,US-VA,1,2,Rachael Wang,James,,Miller,frhodes@example.net,(837)759-9805x6265,5547 Jason Mills,,,Arlington,97694,"(-77.073866,38.925759)",2026-06-16 03:31:13,America/Denver,,Prefer not to say,,,,2,2026-06-16 03:31:13,,1957-12-24,False
SID-00-000-000-000-000-195,US-NY,1,3,Donna Shaffer,Tara,,Coleman,ltaylor@example.net,823-347-8519,4628 Page Throughway,,,New York City,18448,"(-73.985242,40.692874)",2026-01-18 00:30:30,America/Los_Angeles,,Female,,,,4,2026-01-18 00:30:30,facebook,2008-03-21,False
SID-00-000-000-000-000-196,US-NC,1,1,Donna Henry,Mackenzie,,Turner,troy73@example.org,9245471462,47195 Cunningham Ways,,,Charlotte,34305,"(-80.885193,35.210126)",2026-05-09 11:19:36,America/Chicago,,Male,,,,3,2026-05-09 11:19:36,,1958-03-29,False
SID-00-000-000-000-000-197,US-PA,1,3,Michael Wilson,William,,Johnston,francisco02@example.com,325.520.4565x044,92855 Nelson Square,,,Allentown,90723,"(-75.452838,40.618692)",2026-08-26 12:58:17,America/Chicago,,Non-binary,,,,3,2026-08-26 12:58:17,google,1985-04-01,False
SID-00-000-000-000-000-198,US-NY,1,1,Heather Thomas,Derrick,,Campbell,kjenkins@example.org,328.833.8988,12075 Vazquez Dam Suite 985,,,New York City,23072,"(-74.044268,40.759008)",2026-08-21 12:44:08,America/Chicago,,Prefer not to say,,,,2,2026-08-21 12:44:08,email,1968-07-11,False
SID-00-000-000-000-000-199,US-MA,1,1,Robert Walker,Melissa,,Thomas,kyleclark@example.org,(311)607-6031x08907,40119 Briana Flats,,,Worcester,24720,"(-71.798935,42.250666)",2026-02-03 19:47:14,America/Los_Angeles,,Prefer not to say,,,,1,2026-02-03 19:47:14,,1990-05-30,False
SID-00-000-000-000-000-200,US-MA,1,3,Charles Francis,Joshua,,Riley,ethan89@example.org,591.919.0833x42801,927 Henry Knoll Suite 638,,,Worcester,30326,"(-71.81523,42.304033)",2025-12-06 06:18:58,America/Chicago,,Male,,,,3,2025-12-06 06:18:58,,1987-12-08,False
SID-00-000-000-000-000-201,US-NC,1,1,Emily Owens,April,,Simpson,janet80@example.org,571-364-7947x38646,520 Powers Locks Suite 811,,,Charlotte,19292,"(-80.870098,35.196719)",2026-08-28 09:23:52,America/Denver,,Non-binary,,,,4,2026-08-28 09:23:52,,1971-05-13,False
SID-00-000-000-000-000-202,US-IL,1,2,Vanessa Figueroa,Patricia,Gary,Cox,matthewlarson@example.com,736-974-9946,8427 David Overpass Suite 320,,,Chicago,13556,"(-87.644582,41.901377)",2026-06-18 05:22:40,America/New_York,,Male,,,,1,2026-06-18 05:22:40,google,1970-07-24,False
SID-00-000-000-000-000-203,US-MA,1,1,Kathleen Johnson,Harold,Cassandra,Murphy,christy11@example.net,001-287-273-4778x48588,67567 Johnson Fall Suite 276,,,Boston,18128,"(-71.024646,42.351339)",2025-08-21 13:14:43,America/Los_Angeles,,Non-binary,,,,1,2025-08-21 13:14:43,,1992-03-02,False
SID-00-000-000-000-000-204,US-PA,1,1,Phillip Carroll,Tracy,,Spencer,kalvarez@example.net,7642796954,025 Pacheco Prairie,,,Pittsburgh,04026,"(-79.992679,40.392173)",2025-11-21 02:21:52,America/Denver,,Non-binary,,,,1,2025-11-21 02:21:52,,1965-05-16,False
SID-00-000-000-000-000-205,US-MA,1,1,Jamie Patterson,Victoria,,Jenkins,stanleyjohn@example.net,891-814-1520x8507,79056 Morris Courts Suite 135,,,Boston,65608,"(-71.099269,42.320802)",2025-10-30 19:38:05,America/Denver,,Non-binary,,,,3,2025-10-30 19:38:05,,1993-11-22,False
SID-00-000-000-000-000-206,US-CA,1,1,Gina Mendez,Michael,,Graham,yreid@example.org,+1-334-340-4963,1987 Clark Underpass Apt. 484,,,Los Angeles,57243,"(-118.2478,34.09813)",2025-12-31 08:00:28,America/New_York,,Male,,,,1,2025-12-31 08:00:28,,1977-05-12,False
SID-00-000-000-000-000-207,US-FL,1,1,Jason King,Zachary,Emily,Kelley,burtonzachary@example.org,001-273-574-8969,2324 Jenkins Wall Apt. 364,,,Orlando,38124,"(-81.423589,28.54357)",2026-07-08 06:08:49,America/Los_Angeles,,Non-binary,,,,5,2026-07-08 06:08:49,google,1987-06-26,False
SID-00-000-000-000-000-208,US-MD,1,2,Kyle Sullivan,Daniel,,Lee,lauracollins@example.com,+1-666-603-2420,070 Michele Corner,,,Annapolis,41645,"(-76.519223,39.020315)",2026-08-16 17:52:51,America/New_York,,Non-binary,,,,5,2026-08-16 17:52:51,google,1986-05-22,False
SID-00-000-000-000-000-209,US-TX,1,1,Stephanie Russell,Michael,,Sandoval,sandersmary@example.org,919.381.8984,155 Shaffer Summit,,,Houston,31425,"(-95.399084,29.711966)",2026-02-26 08:42:04,America/Chicago,,Prefer not to say,,,,5,2026-02-26 08:42:04,email,1983-08-03,False
SID-00-000-000-000-000-210,US-FL,1,3,Brian Lewis,Joshua,,Ortiz,henrynicholas@example.org,286-573-4257x54090,645 Amanda Freeway Suite 606,,,Tampa,33994,"(-82.408352,27.914595)",2026-07-21 06:45:43,America/Denver,,Male,,,,1,2026-07-21 06:45:43,,2004-08-15,False
SID-00-000-000-000-000-211,US-NY,1,1,Nicole Evans,Michele,Ethan,Gonzales,natasha60@example.com,377-765-6124,857 Kathleen Row Apt. 720,,,New York City,53016,"(-73.979099,40.696859)",2026-06-24 15:43:12,America/Denver,,Prefer not to say,,,,4,2026-06-24 15:43:12,facebook,1964-08-22,False
SID-00-000-000-000-000-212,US-WA,1,2,Kenneth Rodriguez,John,Jennifer,Saunders,melaniejennings@example.com,472.842.9543x165,300 Rebecca Mountain Apt. 420,,,Tacoma,53065,"(-122.451115,47.297014)",2026-08-08 19:37:05,America/Denver,,Female,,,,1,2026-08-08 19:37:05,google,1958-04-16,False
SID-00-000-000-000-000-213,US-NC,1,1,Brittany Rubio,George,,Bradley,higginsryan@example.com,+1-571-633-3447x62639,2620 Cherry Freeway,,,Charlotte,81461,"(-80.814711,35.2151)",2026-02-27 11:00:34,America/New_York,,Male,,,,3,2026-02-27 11:00:34,,1984-08-14,False
SID-00-000-000-000-000-214,US-WA,1,3,Kevin Holland,Christopher,,Harrison,terri63@example.net,(269)241-1800x5375,964 Lambert Curve Apt. 924,,,Spokane,22765,"(-117.46727,47.619023)",2026-05-25 01:33:59,America/Los_Angeles,,Male,,,,1,2026-05-25 01:33:59,google,1974-02-05,False
SID-00-000-000-000-000-215,US-WA,1,2,Sherry Anderson,Logan,Alyssa,Thomas,edwardstiffany@example.com,956-444-9485x625,32032 Thomas Estates Suite 617,,,Tacoma,05847,"(-122.434496,47.212206)",2026-08-11 10:15:22,America/Los_Angeles,,Prefer not to say,,,,1,2026-08-11 10:15:22,facebook,1977-06-03,False
SID-00-000-000-000-000-216,US-OH,1,1,Kristina Ellis MD,Jennifer,,Hernandez,clayton42@example.org,001-584-999-3908x9261,0416 Garza Coves,,,Cincinnati,42907,"(-84.523927,39.070058)",2025-11-13 17:10:44,America/Chicago,,Male,,,,2,2025-11-13 17:10:44,,1973-07-02,False
SID-00-000-000-000-000-217,US-NC,1,1,Ronald Keller,Shawn,,Moses,riverabradley@example.net,859.323.0450x189,2361 Melissa Estates Suite 642,,,Raleigh,16308,"(-78.609933,35.759575)",2026-01-14 05:52:03,America/Los_Angeles,,Female,,,,4,2026-01-14 05:52:03,google,1955-05-17,False
SID-00-000-000-000-000-218,US-TX,1,1,Nancy Dorsey,Rebecca,,Munoz,elizabeth58@example.org,876.874.9961x6592,85732 Rose Rue,,,Houston,69271,"(-95.380231,29.711077)",2026-07-10 11:38:08,America/Los_Angeles,,Female,,,,3,2026-07-10 11:38:08,email,1964-06-29,False
SID-00-000-000-000-000-219,US-OH,1,1,Bob Solis,Kevin,,Joyce,mckenzie86@example.com,001-808-310-8186,945 Richards Trafficway Apt. 172,,,Cincinnati,24383,"(-84.530582,39.073185)",2026-03-10 06:18:08,America/Los_Angeles,,Female,,,,3,2026-03-10 06:18:08,,1950-12-23,False
SID-00-000-000-000-000-220,US-NC,1,1,Jason Bush,Lee,,Ramsey,qhanson@example.com,(232)219-4168,02776 Turner Via Suite 641,,,Raleigh,16896,"(-78.594993,35.766102)",2026-08-02 23:48:22,America/New_York,,Prefer not to say,,,,2,2026-08-02 23:48:22,,1998-10-16,False
SID-00-000-000-000-000-221,US-MA,1,2,Robert Horton,Jacob,Anthony,Castillo,debragraham@example.net,+1-331-447-2760,777 Michelle Prairie,,,Worcester,32302,"(-71.845384,42.295728)",2026-08-03 03:33:29,America/Denver,,Female,,,,3,2026-08-03 03:33:29,facebook,1954-03-14,False
SID-00-000-000-000-000-222,US-CO,1,3,Sandra Williams,Alan,,Mccoy,fpetty@example.net,001-998-540-7678,069 Tran Grove,,,Boulder,85475,"(-105.313103,40.043908)",2026-07-12 11:41:25,America/Los_Angeles,,Male,,,,3,2026-07-12 11:41:25,google,1958-05-15,False
SID-00-000-000-000-000-223,US-CA,1,3,Johnny Mcmillan,Michael,,Terry,martinjessica@example.com,(873)783-9597x246,93417 Glen Estate Suite 167,,,San Jose,40301,"(-121.900799,37.35396)",2026-05-27 03:23:19,America/Los_Angeles,,Non-binary,,,,4,2026-05-27 03:23:19,google,1971-12-19,False
SID-00-000-000-000-000-224,US-VA,1,2,Yvonne Howard,Jose,,Rhodes,mariakline@example.org,956-619-3183,0842 Jasmine Mill Suite 119,,,Richmond,80409,"(-77.434932,37.516574)",2026-05-04 19:15:22,America/Los_Angeles,,Female,,,,3,2026-05-04 19:15:22,google,1960-06-22,False
SID-00-000-000-000-000-225,US-IL,1,1,Samantha Williams,Daniel,,Soto,rhondamoore@example.com,001-878-271-2552x137,5482 Joseph Stravenue,,,Chicago,99440,"(-87.587745,41.857643)",2025-06-06 20:08:19,America/Denver,,Prefer not to say,,,,2,2025-06-06 20:08:19,,1994-12-18,False
SID-00-000-000-000-000-226,US-WA,1,1,Danielle Mullins,Alyssa,,Cobb,lauriegutierrez@example.com,885.407.2081x155,60290 Barnes Springs Suite 550,,,Spokane,37172,"(-117.403801,47.618562)",2026-04-21 06:40:43,America/New_York,,Male,,,,3,2026-04-21 06:40:43,google,1971-10-31,False
SID-00-000-000-000-000-227,US-PA,1,3,Bridget Powell,Dawn,Paige,Weber,zterry@example.net,(334)610-8562x8843,200 Allen Trail Suite 681,,,Philadelphia,96443,"(-75.141151,39.995592)",2026-04-14 12:50:43,America/Los_Angeles,,Prefer not to say,,,,2,2026-04-14 12:50:43,,2002-05-26,False
SID-00-000-000-000-000-228,US-PA,1,3,Mark Gomez,Brandon,,Curtis,westashley@example.org,453.899.8935x449,58935 Garcia Station,,,Philadelphia,56297,"(-75.149469,39.921239)",2025-11-15 14:16:54,America/Los_Angeles,,Prefer not to say,,,,4,2025-11-15 14:16:54,google,1949-06-18,False
SID-00-000-000-000-000-229,US-CO,1,1,Antonio Beasley,Thomas,,Griffin,erica69@example.net,964.497.6776x22827,377 Julie Points,,,Denver,48910,"(-104.965067,39.709778)",2026-05-13 00:49:04,America/Chicago,,Non-binary,,,,3,2026-05-13 00:49:04,facebook,1997-11-17,False
SID-00-000-000-000-000-230,US-IL,1,3,Samuel Rodriguez,Mike,,Roberts,davidtorres@example.com,947-202-2960x4432,510 Olson Inlet,,,Chicago,74656,"(-87.593536,41.854335)",2026-06-16 14:27:31,America/Los_Angeles,,Male,,,,3,2026-06-16 14:27:31,email,2003-10-03,False
SID-00-000-000-000-000-231,US-AZ,1,3,James Davenport,Martha,,Anderson,williammurray@example.com,+1-972-651-9966x36580,09481 James River,,,Tucson,71520,"(-110.943326,32.234336)",2026-08-01 05:40:24,America/Chicago,,Non-binary,,,,1,2026-08-01 05:40:24,facebook,1974-03-09,False
SID-00-000-000-000-000-232,US-NC,1,2,Kelly Lopez,Thomas,,Prince,barrettamanda@example.org,933-297-1895x690,2608 Reyes Course Apt. 182,,,Charlotte,37902,"(-80.823756,35.195404)",2026-07-02 15:12:20,America/Los_Angeles,,Prefer not to say,,,,2,2026-07-02 15:12:20,,1982-01-11,False
SID-00-000-000-000-000-233,US-PA,1,1,Brandon Parker,Richard,,Jackson,howard04@example.com,552-565-4610,8861 Brown Mountain,,,Allentown,72999,"(-75.475674,40.627743)",2026-07-20 13:39:02,America/Chicago,,Female,,,,3,2026-07-20 13:39:02,,1954-10-05,False
SID-00-000-000-000-000-234,US-OH,1,1,Mr. David Mercado,Joseph,,Richmond,sanchezangela@example.org,896-971-8325x8238,79420 Sarah Orchard,,,Columbus,36323,"(-82.953616,39.997752)",2026-03-06 10:21:38,America/Los_Angeles,,Prefer not to say,,,,4,2026-03-06 10:21:38,,1971-05-02,False
SID-00-000-000-000-000-235,US-CO,1,1,Jamie Bell,Crystal,Brenda,Dixon,martinamanda@example.org,616-912-8463x9855,55379 Smith Square Apt. 097,,,Boulder,01061,"(-105.312233,40.01387)",2025-07-15 06:15:10,America/Chicago,,Non-binary,,,,2,2025-07-15 06:15:10,,1983-05-09,False
SID-00-000-000-000-000-236,US-OH,1,3,Jennifer Woodard,Jacqueline,Kathryn,Medina,ryanpatricia@example.net,515.969.5620x175,04531 Stokes Forges,,,Cincinnati,31205,"(-84.512469,39.130355)",2026-03-17 17:18:59,America/Denver,,Male,,,,4,2026-03-17 17:18:59,facebook,2002-06-24,False
SID-00-000-000-000-000-237,US-FL,1,1,Amanda Vasquez,Jane,,Obrien,gonzalezlori@example.com,449-387-2839,124 Nicole Stream,,,Miami,36457,"(-80.176433,25.785299)",2026-02-28 12:01:14,America/Denver,,Male,,,,4,2026-02-28 12:01:14,google,2007-06-08,False
SID-00-000-000-000-000-238,US-MA,1,3,Wendy Steele,Amanda,,King,bsmith@example.net,+1-205-666-4187x75803,750 Lee Common Apt. 361,,,Boston,33266,"(-71.035139,42.331088)",2026-07-24 07:24:36,America/Chicago,,Female,,,,2,2026-07-24 07:24:36,facebook,1957-10-09,False
SID-00-000-000-000-000-239,US-MA,1,1,Arthur Garrett,Anthony,,Reynolds,watkinsconnie@example.com,931-373-5058x319,110 Nicholas Vista Apt. 207,,,Boston,07682,"(-71.055672,42.367107)",2026-07-23 05:04:37,America/Denver,,Non-binary,,,,5,2026-07-23 05:04:37,email,1958-02-02,False
SID-00-000-000-000-000-240,US-AZ,1,2,Andrea Byrd,Anita,,Phillips,nmorales@example.com,399.707.6769,8593 Curtis Ranch,,,Mesa,93994,"(-111.81357,33.463749)",2025-06-29 06:41:09,America/Denver,,Female,,,,2,2025-06-29 06:41:09,facebook,1964-09-05,False
SID-00-000-000-000-000-241,US-TX,1,2,Cheryl Berry,Dana,Jonathan,Fisher,ilopez@example.org,4244968549,9545 Zachary Shoals Apt. 038,,,Dallas,73829,"(-96.822245,32.75891)",2026-07-18 08:59:04,America/Denver,,Prefer not to say,,,,4,2026-07-18 08:59:04,,1949-12-10,False
SID-00-000-000-000-000-242,US-CA,1,1,Craig Gonzalez,Rebekah,,Glover,jaime77@example.net,001-259-995-9465x217,33793 Timothy Trafficway,,,Sacramento,43953,"(-121.467512,38.61106)",2026-05-29 03:32:54,America/Denver,,Prefer not to say,,,,4,2026-05-29 03:32:54,email,1999-10-14,False
SID-00-000-000-000-000-243,US-OH,1,1,James Mckenzie,Adam,,Smith,anthony12@example.com,439.750.0334x234,30241 Marie Dam,,,Columbus,50167,"(-82.964083,39.998091)",2026-03-05 10:23:58,America/Los_Angeles,,Female,,,,4,2026-03-05 10:23:58,facebook,1996-07-18,False
SID-00-000-000-000-000-244,US-IL,1,1,Gina Clark,Stephen,,Wood,donna89@example.com,001-811-522-3386x559,938 Clarke Islands,,,Springfield,32898,"(-89.671741,39.763987)",2026-06-22 07:58:25,America/Los_Angeles,,Non-binary,,,,1,2026-06-22 07:58:25,google,1986-12-11,False
SID-00-000-000-000-000-245,US-CA,1,2,Shelley York,Tanya,,Blackwell,jessicamueller@example.net,+1-712-986-8578x725,4969 Jamie Flats Suite 363,,,Sacramento,40608,"(-121.498442,38.609989)",2025-08-08 04:58:29,America/Los_Angeles,,Female,,,,2,2025-08-08 04:58:29,email,1949-01-15,False
SID-00-000-000-000-000-246,US-TX,1,1,Christopher Kirby,Jonathan,Christopher,Walton,sean53@example.net,8787956776,4602 Hall Rue Apt. 514,,,Houston,66268,"(-95.383756,29.719734)",2025-12-19 20:06:00,America/Denver,,Female,,,,4,2025-12-19 20:06:00,google,1972-06-18,False
SID-00-000-000-000-000-247,US-CO,1,1,Rachel House,Corey,,Jones,paynematthew@example.net,844-243-9284x04456,826 Jeremy Summit Apt. 738,,,Denver,77440,"(-104.992619,39.689309)",2026-07-19 04:41:28,America/Los_Angeles,,Male,,,,1,2026-07-19 04:41:28,email,1977-12-28,False
SID-00-000-000-000-000-248,US-AZ,1,1,Miranda Murray,Latoya,,Edwards,roymcmahon@example.com,677.280.5292,553 Simmons Terrace Suite 845,,,Phoenix,77434,"(-112.081769,33.497215)",2026-04-19 16:54:04,America/New_York,,Male,,,,1,2026-04-19 16:54:04,email,1995-03-16,False
SID-00-000-000-000-000-249,US-WA,1,1,Tammy Hernandez,Stephanie,,Rivera,nbaird@example.com,686-337-1597,82097 Jacob Cliff,,,Spokane,51080,"(-117.398654,47.622513)",2026-08-30 05:18:37,America/Chicago,,Male,,,,5,2026-08-30 05:18:37,google,1947-02-24,False
SID-00-000-000-000-000-250,US-OH,1,2,Matthew Jones,Brian,,Stone,markbrowning@example.com,(412)586-7163,7299 Matthews Parkway Suite 430,,,Cincinnati,19203,"(-84.526881,39.069512)",2025-10-11 01:27:34,America/Los_Angeles,,Female,,,,1,2025-10-11 01:27:34,google,1963-07-26,False
SID-00-000-000-000-000-251,US-TX,1,1,Lisa Wright,Mark,,Carroll,kstevens@example.org,001-814-975-4692x6329,291 Hale Cape Apt. 248,,,Austin,38759,"(-97.754697,30.276157)",2026-04-01 15:46:21,America/New_York,,Female,,,,5,2026-04-01 15:46:21,email,1973-10-07,False
SID-00-000-000-000-000-252,US-MA,1,3,Nicholas Barrera,Regina,,Jenkins,carneycharles@example.org,756.872.4380x70176,0041 Mark Summit,,,Cambridge,61350,"(-71.074993,42.326282)",2025-11-11 02:02:38,America/Chicago,,Prefer not to say,,,,3,2025-11-11 02:02:38,google,1987-09-08,False
SID-00-000-000-000-000-253,US-MA,1,3,Joshua Allen,Stephanie,,Taylor,mckenzie20@example.net,624-418-6210,2308 Scott Causeway Apt. 647,,,Boston,07371,"(-71.097626,42.359589)",2026-02-20 14:46:23,America/New_York,,Non-binary,,,,3,2026-02-20 14:46:23,facebook,1976-03-23,False
SID-00-000-000-000-000-254,US-FL,1,1,James Harris,John,Regina,Gonzalez,fisherveronica@example.com,313.712.2068,393 Mcmillan Crest Apt. 315,,,Tampa,42885,"(-82.452564,27.942686)",2026-05-16 01:01:15,America/New_York,,Male,,,,3,2026-05-16 01:01:15,facebook,1983-05-17,False
SID-00-000-000-000-000-255,US-VA,1,3,Eugene Price,Stephen,,Jones,debra50@example.org,664.397.1892,625 Cynthia Spurs Suite 715,,,Richmond,02814,"(-77.446202,37.585568)",2026-04-12 15:13:22,America/Los_Angeles,,Prefer not to say,,,,1,2026-04-12 15:13:22,facebook,1956-08-16,False
SID-00-000-000-000-000-256,US-NC,1,3,Janet Davidson,Jesse,,Matthews,hallchristina@example.org,836-539-1025x7432,97524 Schneider Trace,,,Charlotte,05692,"(-80.84197,35.208091)",2025-10-06 12:18:54,America/New_York,,Non-binary,,,,4,2025-10-06 12:18:54,facebook,1984-01-09,False
SID-00-000-000-000-000-257,US-VA,1,3,Maria Roberts,Andrew,Melanie,Rivera,jamiebrown@example.net,339.968.5270,02321 Brittany Village,,,Richmond,27288,"(-77.442552,37.499321)",2026-08-13 22:29:00,America/Chicago,,Male,,,,1,2026-08-13 22:29:00,facebook,1978-07-02,False
SID-00-000-000-000-000-258,US-CO,1,1,Neil Collins,Jennifer,,Sanchez,catherineturner@example.net,834.471.5662x776,66149 Angela Extensions Suite 674,,,Denver,59955,"(-104.944998,39.705583)",2026-05-22 21:52:59,America/Denver,,Male,,,,1,2026-05-22 21:52:59,email,1960-07-28,False
SID-00-000-000-000-000-259,US-MA,1,2,Karen Cook,Jennifer,,Gonzalez,adamhensley@example.net,001-257-366-6567x4916,236 Wise Terrace Suite 875,,,Worcester,91786,"(-71.845913,42.239798)",2026-07-15 18:15:13,America/Denver,,Male,,,,4,2026-07-15 18:15:13,facebook,1963-07-13,False
SID-00-000-000-000-000-260,US-WA,1,1,Jeff Wright,Tim,,Dorsey,crystal02@example.com,+1-872-343-9920x116,2644 Willis Street,,,Seattle,54451,"(-122.37181,47.581712)",2026-07-31 16:07:46,America/New_York,,Male,,,,1,2026-07-31 16:07:46,facebook,1949-04-27,False
SID-00-000-000-000-000-261,US-VA,1,3,Sheila Rodriguez,Ashley,,Salinas,josephclark@example.net,(440)427-0116x8646,23728 Shannon Via Apt. 230,,,Arlington,98793,"(-77.048977,38.867998)",2025-06-16 11:17:53,America/Los_Angeles,,Female,,,,3,2025-06-16 11:17:53,facebook,1993-02-02,False
SID-00-000-000-000-000-262,US-FL,1,1,Deanna Barrera,Riley,,Sims,oneillgabriel@example.com,961-941-5093,04090 Jason Turnpike,,,Tampa,01452,"(-82.4246,27.932594)",2026-06-01 07:36:52,America/New_York,,Female,,,,2,2026-06-01 07:36:52,google,1957-03-13,False
SID-00-000-000-000-000-263,US-FL,1,1,Tonya Adams,Todd,Katherine,Munoz,nathan55@example.org,(266)390-5510x762,357 Robertson Shore Apt. 050,,,Miami,83571,"(-80.155197,25.799399)",2026-08-28 14:05:40,America/Los_Angeles,,Male,,,,3,2026-08-28 14:05:40,facebook,1969-05-09,False
SID-00-000-000-000-000-264,US-NC,1,1,Robert Nguyen,Sean,,Lawson,ystevenson@example.org,(267)416-4932x898,48727 Timothy Plains Apt. 332,,,Durham,99231,"(-78.874642,36.022451)",2026-07-03 18:18:49,America/Los_Angeles,,Female,,,,5,2026-07-03 18:18:49,facebook,1968-05-18,False
SID-00-000-000-000-000-265,US-TX,1,1,Ashley Holder,Anthony,,Hickman,raven43@example.net,771-828-7153x991,863 Jonathon Highway Apt. 115,,,Austin,97570,"(-97.790709,30.31044)",2026-05-03 21:35:08,America/New_York,,Prefer not to say,,,,3,2026-05-03 21:35:08,google,2005-03-04,False
SID-00-000-000-000-000-266,US-NY,1,1,Tom Berry,David,Lawrence,James,collinsbrittany@example.org,(965)752-8993x1608,3772 Thomas Shores,,,Albany,92640,"(-73.764218,42.700912)",2025-06-07 02:33:32,America/Chicago,,Prefer not to say,,,,3,2025-06-07 02:33:32,,1982-12-30,False
SID-00-000-000-000-000-267,US-CO,1,1,Jonathan Barker,Joshua,,Abbott,nwelch@example.com,260-852-3302x7642,7566 Allison Haven Suite 386,,,Denver,13256,"(-104.989757,39.747277)",2026-07-26 12:22:16,America/New_York,,Prefer not to say,,,,2,2026-07-26 12:22:16,facebook,1947-11-07,False
SID-00-000-000-000-000-268,US-NC,1,1,Lauren Trujillo,Melissa,,Mckinney,kpena@example.org,874.823.3305x912,15720 Tina Run,,,Raleigh,44867,"(-78.595596,35.814691)",2026-08-01 08:24:16,America/Denver,,Female,,,,1,2026-08-01 08:24:16,facebook,1953-12-07,False
SID-00-000-000-000-000-269,US-TX,1,1,Lori Powell,Austin,,Allen,mturner@example.org,+1-961-576-4750x1111,997 Benson Court,,,Dallas,78210,"(-96.836434,32.737597)",2026-06-15 04:28:47,America/Denver,,Female,,,,4,2026-06-15 04:28:47,email,1983-01-26,False
SID-00-000-000-000-000-270,US-IL,1,3,Mr. Jeffrey Duncan,Cory,Bryan,Stout,richardhaynes@example.com,+1-588-371-8981,208 Mcbride Crossing,,,Springfield,05631,"(-89.691058,39.816948)",2026-07-17 09:51:41,America/Denver,,Female,,,,1,2026-07-17 09:51:41,facebook,1957-02-04,False
SID-00-000-000-000-000-271,US-WA,1,1,Christopher Hart,Melissa,,Johnson,huntermichael@example.net,(960)434-0848,585 Hailey Shore Apt. 303,,,Spokane,19069,"(-117.408282,47.660146)",2025-12-04 02:59:23,America/Los_Angeles,,Female,,,,1,2025-12-04 02:59:23,,1953-10-20,False
SID-00-000-000-000-000-272,US-CA,1,1,Tina Guzman,Jason,Michael,Anderson,qjones@example.com,(726)471-4628x3143,56609 Chris Crossing Apt. 861,,,San Jose,43670,"(-121.930133,37.300345)",2026-08-30 18:11:44,America/Los_Angeles,,Non-binary,,,,1,2026-08-30 18:11:44,email,1964-07-26,False
SID-00-000-000-000-000-273,US-MD,1,1,Gavin Nelson,Misty,Jeremiah,Smith,opetty@example.com,712-684-9718,102 Potts Loaf Apt. 588,,,Baltimore,78438,"(-76.655753,39.24258)",2026-08-11 20:36:29,America/Denver,,Male,,,,1,2026-08-11 20:36:29,,1986-01-07,False
SID-00-000-000-000-000-274,US-VA,1,2,Kevin Green,Gloria,Jennifer,Sandoval,nicholasmoss@example.org,001-853-596-7275x7844,146 Bruce Roads Apt. 131,,,Richmond,22142,"(-77.442684,37.583113)",2026-08-05 20:34:35,America/Los_Angeles,,Female,,,,3,2026-08-05 20:34:35,facebook,2001-04-03,False
SID-00-000-000-000-000-275,US-MD,1,3,Dustin Noble,Lindsey,,Smith,urhodes@example.org,578.281.6093x0685,83215 Willie Center Suite 762,,,Baltimore,49428,"(-76.617599,39.267898)",2025-05-23 08:36:09,America/Chicago,,Non-binary,,,,4,2025-05-23 08:36:09,,1981-12-06,False
SID-00-000-000-000-000-276,US-MD,1,2,Michael Decker,Melissa,Michaela,Roberts,ncarter@example.org,001-996-734-8079x7050,1052 Gomez Courts Suite 731,,,Annapolis,69850,"(-76.533428,38.976303)",2025-12-17 19:03:16,America/Chicago,,Male,,,,4,2025-12-17 19:03:16,email,2006-10-12,False
SID-00-000-000-000-000-277,US-IL,1,1,Caleb Freeman,Eric,,Douglas,thomasbrooks@example.com,(328)541-7722x56053,26650 Elizabeth Neck Suite 167,,,Naperville,72606,"(-88.169097,41.778944)",2026-06-21 21:49:23,America/Chicago,,Male,,,,3,2026-06-21 21:49:23,facebook,1978-02-01,False
SID-00-000-000-000-000-278,US-VA,1,3,Bethany Potter,Kimberly,,Ross,ganderson@example.org,(225)880-3056,4716 Christina Stream Apt. 341,,,Arlington,35042,"(-77.041847,38.837459)",2026-07-05 00:50:56,America/Chicago,,Male,,,,2,2026-07-05 00:50:56,facebook,1976-11-27,False
SID-00-000-000-000-000-279,US-NC,1,3,Robert Gonzalez,Jasmine,,Patrick,jacobbond@example.net,+1-523-312-6043x2609,6843 Matthew Neck,,,Durham,08542,"(-78.856874,36.025629)",2025-08-02 20:20:28,America/Los_Angeles,,Non-binary,,,,2,2025-08-02 20:20:28,facebook,2008-04-28,False
SID-00-000-000-000-000-280,US-NY,1,1,Elizabeth Adams,Juan,,Bell,dwright@example.org,3008534749,7554 Collin Bridge,,,Albany,90018,"(-73.732389,42.6344)",2026-05-24 09:57:51,America/Denver,,Female,,,,5,2026-05-24 09:57:51,facebook,1977-10-22,False
SID-00-000-000-000-000-281,US-AZ,1,1,Erin Figueroa,Michael,,Maxwell,john43@example.net,(711)629-1093x3711,82023 Pierce Glen Suite 571,,,Tucson,57664,"(-111.007144,32.226812)",2025-04-10 14:12:53,America/Chicago,,Male,,,,5,2025-04-10 14:12:53,,1980-06-12,False
SID-00-000-000-000-000-282,US-VA,1,1,Timothy Gordon,Andrew,,Greene,keithsosa@example.org,001-836-878-8127x868,20293 Natasha Turnpike Suite 884,,,Arlington,40269,"(-77.120854,38.92339)",2026-01-02 00:42:37,America/Denver,,Male,,,,1,2026-01-02 00:42:37,facebook,1949-12-14,False
SID-00-000-000-000-000-283,US-OH,1,1,Derrick Wilson,Jeffrey,,Ferguson,benjamin24@example.org,603-438-1059x551,450 Madison Forges Suite 240,,,Cincinnati,70937,"(-84.484563,39.144822)",2026-07-05 11:52:02,America/Los_Angeles,,Male,,,,3,2026-07-05 11:52:02,email,1999-05-24,False
SID-00-000-000-000-000-284,US-WA,1,2,Teresa Aguilar,Jennifer,,Watts,molly98@example.org,435.943.9627x365,2722 Ashley Stream,,,Seattle,24147,"(-122.308865,47.653786)",2026-08-11 14:12:27,America/Chicago,,Non-binary,,,,2,2026-08-11 14:12:27,facebook,1987-02-05,False
SID-00-000-000-000-000-285,US-FL,1,3,Christopher Thompson,Phillip,,Franklin,thomasronald@example.com,+1-261-482-0916x6010,42900 Amy Viaduct,,,Orlando,44854,"(-81.399748,28.561699)",2025-05-20 10:14:16,America/New_York,,Female,,,,5,2025-05-20 10:14:16,email,1986-06-26,False
SID-00-000-000-000-000-286,US-MD,1,1,Charles Malone,Patricia,,Ochoa,martin23@example.org,+1-348-810-0184,30366 Michael Heights,,,Annapolis,30108,"(-76.485645,38.95049)",2026-03-17 00:27:03,America/Chicago,,Non-binary,,,,3,2026-03-17 00:27:03,facebook,1999-05-29,False
SID-00-000-000-000-000-287,US-PA,1,2,Melissa Espinoza,Rachel,Travis,Ewing,cristiansosa@example.com,495-815-1092,262 Weber Heights Suite 147,,,Philadelphia,87235,"(-75.148198,39.984766)",2026-08-06 18:03:06,America/Chicago,,Female,,,,1,2026-08-06 18:03:06,email,2003-10-03,False
SID-00-000-000-000-000-288,US-NC,1,1,Terry Lindsey,Kristina,,Hensley,kimberlythomas@example.org,(877)711-9642x1522,6769 Taylor Shoal Apt. 668,,,Charlotte,65657,"(-80.888285,35.249141)",2026-05-19 08:28:00,America/Los_Angeles,,Prefer not to say,,,,3,2026-05-19 08:28:00,,1968-12-09,False
SID-00-000-000-000-000-289,US-CA,1,1,Joshua Hall Jr.,Jennifer,Alison,Frank,jacquelineyoung@example.org,705.487.2105,2863 Maria Centers Apt. 126,,,Los Angeles,96587,"(-118.235894,34.081073)",2026-08-29 14:59:01,America/New_York,,Male,,,,3,2026-08-29 14:59:01,google,1979-08-18,False
SID-00-000-000-000-000-290,US-WA,1,1,Jacqueline Miles,Elizabeth,,Jones,anthonydiaz@example.org,610.996.2272,570 Rodriguez Circle Apt. 928,,,Spokane,21518,"(-117.46858,47.703966)",2026-02-28 18:01:58,America/New_York,,Non-binary,,,,5,2026-02-28 18:01:58,,1947-05-07,False
SID-00-000-000-000-000-291,US-CO,1,1,Melanie Liu,Angela,Maria,Ellison,jenna62@example.com,886-423-6903,775 Wilcox Expressway,,,Denver,07666,"(-104.974936,39.732332)",2026-07-11 00:44:28,America/Denver,,Female,,,,2,2026-07-11 00:44:28,,1946-05-16,False
SID-00-000-000-000-000-292,US-CO,1,1,Chloe Rodriguez,Christian,,Morrison,anthony42@example.net,213-590-4383,99097 Brandon Course Suite 054,,,Aurora,52685,"(-104.808903,39.751604)",2026-03-01 16:51:50,America/New_York,,Prefer not to say,,,,5,2026-03-01 16:51:50,,1996-04-18,False
SID-00-000-000-000-000-293,US-TX,1,3,James Kelly,David,,Leonard,richard81@example.net,001-520-596-7904x22711,288 West Curve,,,Austin,44937,"(-97.750339,30.253283)",2026-07-03 18:04:44,America/New_York,,Male,,,,2,2026-07-03 18:04:44,facebook,1977-03-14,False
SID-00-000-000-000-000-294,US-PA,1,2,Teresa Williams,Jennifer,,Vega,jasonbishop@example.org,(997)310-2481,2421 Ray Knoll Apt. 127,,,Pittsburgh,34310,"(-79.998543,40.488306)",2025-11-26 05:21:58,America/Denver,,Male,,,,5,2025-11-26 05:21:58,,1964-01-04,False
SID-00-000-000-000-000-295,US-TX,1,1,Pamela Ramos,Sandra,,Case,swilliams@example.com,(292)275-8955x16874,802 Kelly Estate,,,Houston,75229,"(-95.38286,29.798949)",2025-12-30 13:42:47,America/Denver,,Female,,,,3,2025-12-30 13:42:47,google,2007-10-25,False
SID-00-000-000-000-000-296,US-TX,1,3,James Ford,Clayton,,Owens,lrodriguez@example.net,966-536-5155,47082 Thomas Forest Suite 909,,,Dallas,50345,"(-96.838429,32.793447)",2026-08-04 21:31:15,America/Chicago,,Male,,,,4,2026-08-04 21:31:15,,1970-11-03,False
SID-00-000-000-000-000-297,US-GA,1,1,Rachel Irwin,Jason,Jason,Johnson,onelson@example.org,521-646-1476,16542 Michael Manor,,,Augusta,63628,"(-82.013018,33.510189)",2026-07-07 22:51:28,America/New_York,,Female,,,,1,2026-07-07 22:51:28,,1949-08-13,False
SID-00-000-000-000-000-298,US-TX,1,2,Caitlyn Horton,Michael,Heather,Price,hoffmanpatricia@example.org,499-925-5027,64807 Cynthia Route Apt. 033,,,Austin,55574,"(-97.712254,30.314416)",2025-05-12 03:48:50,America/Los_Angeles,,Female,,,,2,2025-05-12 03:48:50,email,1975-08-23,False
SID-00-000-000-000-000-299,US-WA,1,2,Lindsay Robinson,Jason,,Lee,woodmichael@example.com,381-477-6655x8685,5289 Amy Light Suite 649,,,Tacoma,13506,"(-122.487599,47.294317)",2026-06-02 12:22:57,America/Denver,,Prefer not to say,,,,1,2026-06-02 12:22:57,,1989-07-24,False
SID-00-000-000-000-000-300,US-CA,1,1,Ashley Banks,Christina,,Jenkins,nbrady@example.net,978-890-4633,71576 Smith Landing,,,Los Angeles,29852,"(-118.237041,34.017164)",2026-08-23 20:10:58,America/New_York,,Non-binary,,,,5,2026-08-23 20:10:58,email,2008-05-24,False
SID-00-000-000-000-000-301,US-MD,1,2,Matthew Parker,Raven,Regina,Nunez,mcculloughrobert@example.org,8255895529,96096 Sheila Loaf Apt. 658,,,Rockville,21268,"(-77.137321,39.060414)",2026-07-17 13:15:18,America/Denver,,Prefer not to say,,,,2,2026-07-17 13:15:18,,1977-08-30,False
SID-00-000-000-000-000-302,US-VA,1,2,Robert Gordon,Crystal,,Mueller,mary25@example.org,310-860-9209,275 John Forges,,,Arlington,39419,"(-77.107851,38.920557)",2025-08-11 19:38:57,America/Denver,,Male,,,,3,2025-08-11 19:38:57,email,1973-03-30,False
SID-00-000-000-000-000-303,US-NC,1,1,Molly Roman,Nicholas,Jorge,Williams,donovancourtney@example.net,001-611-479-1124,75361 Pope Loop,,,Raleigh,10144,"(-78.602377,35.813885)",2026-06-26 11:25:48,America/Los_Angeles,,Non-binary,,,,3,2026-06-26 11:25:48,,1957-11-24,False
SID-00-000-000-000-000-304,US-OH,1,2,Christine Barnes,Pamela,,Schultz,lstokes@example.com,2294901557,39080 Javier Lakes Apt. 305,,,Cincinnati,18662,"(-84.517828,39.062029)",2026-08-28 00:18:41,America/Denver,,Male,,,,5,2026-08-28 00:18:41,facebook,1976-05-03,False
SID-00-000-000-000-000-305,US-CA,1,3,Teresa Adams,Timothy,,Ashley,jean47@example.net,668.463.4234x6199,767 Carlson Groves,,,Los Angeles,42280,"(-118.253361,34.073157)",2026-08-30 21:22:40,America/New_York,,Female,,,,2,2026-08-30 21:22:40,facebook,1959-07-13,False
SID-00-000-000-000-000-306,US-AZ,1,1,Jessica Bradley,Nathaniel,,Chen,colepamela@example.net,896-449-8560x125,13552 Martinez Island Apt. 537,,,Phoenix,74880,"(-112.078355,33.423349)",2026-07-08 13:32:33,America/Los_Angeles,,Prefer not to say,,,,1,2026-07-08 13:32:33,google,1984-12-05,False
SID-00-000-000-000-000-307,US-NY,1,3,Kristina Cruz,Carolyn,,Rose,hoffmanjennifer@example.net,996-965-5330,6117 Carolyn Ramp,,,Buffalo,50682,"(-78.88379,42.885279)",2026-08-20 12:58:31,America/Chicago,,Non-binary,,,,1,2026-08-20 12:58:31,email,1995-10-15,False
SID-00-000-000-000-000-308,US-VA,1,1,Albert Logan,Barbara,,Smith,zmitchell@example.org,+1-680-650-1716,6185 Salazar Lock Suite 771,,,Arlington,49509,"(-77.055618,38.836565)",2026-08-30 00:53:25,America/Chicago,,Non-binary,,,,4,2026-08-30 00:53:25,google,1960-07-31,False
SID-00-000-000-000-000-309,US-AZ,1,3,Danny Petersen,Dominic,,Holder,fperez@example.org,001-858-600-4010x4145,97125 Karen Vista,,,Mesa,54672,"(-111.790348,33.36609)",2026-06-21 11:03:13,America/Chicago,,Non-binary,,,,5,2026-06-21 11:03:13,email,2004-10-05,False
SID-00-000-000-000-000-310,US-CO,1,2,Kelly Allen,Timothy,,Henry,marc73@example.org,241-558-3311x703,3715 Lisa Trace Suite 472,,,Aurora,66628,"(-104.839519,39.743674)",2026-03-04 20:12:58,America/Los_Angeles,,Non-binary,,,,5,2026-03-04 20:12:58,,1985-10-23,False
SID-00-000-000-000-000-311,US-OH,1,3,Thomas Cruz,Shaun,,Oliver,kimberlylopez@example.com,(224)991-2711x30724,4181 Reynolds Drive Suite 868,,,Columbus,44244,"(-82.948857,39.911935)",2026-05-24 17:18:28,America/Denver,,Male,,,,4,2026-05-24 17:18:28,google,1952-05-05,False
SID-00-000-000-000-000-312,US-WA,1,1,Brent Wong,Jessica,Roberto,Carter,rthompson@example.net,+1-678-561-0313x100,143 Myers Courts,,,Spokane,29322,"(-117.389851,47.672859)",2026-03-11 22:00:04,America/Chicago,,Male,,,,5,2026-03-11 22:00:04,,1949-01-13,False
SID-00-000-000-000-000-313,US-PA,1,1,Debra Harris,Kristi,,Bailey,janice40@example.org,(489)474-3251,2076 Smith Greens Apt. 209,,,Pittsburgh,46657,"(-79.973772,40.458676)",2026-08-29 15:28:38,America/Los_Angeles,,Prefer not to say,,,,4,2026-08-29 15:28:38,google,1991-12-04,False
SID-00-000-000-000-000-314,US-OH,1,1,Katherine Wright,Daniel,,Fuentes,mary88@example.org,001-921-214-5775x84745,5897 Joseph Path Apt. 263,,,Cincinnati,86925,"(-84.480399,39.152575)",2026-07-03 17:01:58,America/Los_Angeles,,Non-binary,,,,5,2026-07-03 17:01:58,email,2006-10-08,False
SID-00-000-000-000-000-315,US-AZ,1,1,Andre Lane,Heather,,Jordan,julielee@example.com,+1-614-687-8245x5696,98591 Pope Port,,,Phoenix,45982,"(-112.036351,33.482464)",2026-01-04 21:08:55,America/Denver,,Female,,,,3,2026-01-04 21:08:55,google,2008-04-24,False
SID-00-000-000-000-000-316,US-NY,1,1,Kathryn Jennings,Steven,,Hernandez,cindy24@example.com,214-807-0349x1074,004 Michael Haven Apt. 142,,,Buffalo,96583,"(-78.841257,42.858733)",2026-04-01 06:16:34,America/Denver,,Prefer not to say,,,,1,2026-04-01 06:16:34,,1963-11-09,False
SID-00-000-000-000-000-317,US-VA,1,1,Angela Robinson,Thomas,,Gomez,ghenderson@example.com,594-629-6592x3426,49782 Patton Village Suite 128,,,Norfolk,58421,"(-76.24147,36.859157)",2026-02-27 02:22:13,America/Los_Angeles,,Non-binary,,,,4,2026-02-27 02:22:13,google,1958-01-29,False
SID-00-000-000-000-000-318,US-AZ,1,2,Melinda Howard,Michael,Steven,Ali,jjohnson@example.org,001-661-229-4398x52989,60787 Christopher Groves Apt. 591,,,Phoenix,38587,"(-112.10397,33.412137)",2026-06-23 23:06:52,America/Chicago,,Male,,,,4,2026-06-23 23:06:52,email,1989-06-01,False
SID-00-000-000-000-000-319,US-PA,1,1,Sharon Martinez,Brenda,,Dixon,mileszachary@example.net,001-272-432-4407x9311,133 Thomas Village,,,Philadelphia,66797,"(-75.209399,39.933941)",2026-04-03 08:20:50,America/Chicago,,Female,,,,4,2026-04-03 08:20:50,google,1981-04-23,False
SID-00-000-000-000-000-320,US-TX,1,2,Bryan Sullivan,Toni,Lori,Skinner,lorraine79@example.org,(320)922-3288x37744,466 Steven Via Suite 204,,,Dallas,60411,"(-96.804059,32.770071)",2026-06-03 15:18:25,America/Chicago,,Non-binary,,,,1,2026-06-03 15:18:25,email,1973-08-24,False
SID-00-000-000-000-000-321,US-MA,1,1,Kevin Johnson,Debra,,Sandoval,wwilliams@example.org,374.402.5883x586,9572 Glover Shoals,,,Cambridge,40206,"(-71.092025,42.342658)",2026-06-20 01:53:26,America/Denver,,Non-binary,,,,2,2026-06-20 01:53:26,google,1953-04-03,False
SID-00-000-000-000-000-322,US-FL,1,1,Ryan Webb,Sydney,,Obrien,barbarapennington@example.net,542.359.9599x61002,7533 Rachel Extensions,,,Tampa,95942,"(-82.490498,27.959467)",2025-09-25 03:08:40,America/Denver,,Prefer not to say,,,,2,2025-09-25 03:08:40,email,2003-11-13,False
SID-00-000-000-000-000-323,US-MD,1,1,Jennifer Brown,Cheryl,,Wilson,alexandernicholas@example.net,5255176298,7433 Ryan Pines Apt. 190,,,Rockville,82960,"(-77.183957,39.069925)",2025-11-17 18:01:14,America/Chicago,,Female,,,,1,2025-11-17 18:01:14,facebook,2001-11-29,False
SID-00-000-000-000-000-324,US-CA,1,1,Andrew Taylor,Adam,,Schroeder,petersonfaith@example.net,+1-387-933-9785x5982,619 David Path Suite 117,,,Los Angeles,30722,"(-118.214487,34.073311)",2026-06-25 02:19:07,America/New_York,,Male,,,,1,2026-06-25 02:19:07,google,2006-02-26,False
SID-00-000-000-000-000-325,US-VA,1,1,Alison Nicholson,Kelly,,Clayton,ewarner@example.org,318-993-8984x6908,005 Green Isle Apt. 238,,,Norfolk,96691,"(-76.291469,36.812379)",2026-06-06 02:03:43,America/Chicago,,Female,,,,1,2026-06-06 02:03:43,email,1948-12-05,False
SID-00-000-000-000-000-326,US-FL,1,1,Susan Brown,Trevor,,Shaffer,reedchad@example.com,+1-591-787-2401x078,4300 Kim Valleys Apt. 896,,,Tampa,89884,"(-82.455169,27.910698)",2026-08-25 08:15:09,America/New_York,,Male,,,,3,2026-08-25 08:15:09,google,1966-06-14,False
SID-00-000-000-000-000-327,US-MA,1,3,John Hughes,Nicholas,,Martinez,hdunn@example.com,595-353-5603,68900 Lisa Club,,,Boston,07926,"(-71.048,42.359874)",2026-08-29 01:21:21,America/Denver,,Prefer not to say,,,,3,2026-08-29 01:21:21,facebook,1988-10-02,False
SID-00-000-000-000-000-328,US-VA,1,1,Andrew Bailey,Diana,John,Carter,hmendoza@example.net,614-783-7537,384 Wolfe Parkway Apt. 056,,,Norfolk,92972,"(-76.315131,36.850435)",2026-05-17 17:40:27,America/New_York,,Male,,,,5,2026-05-17 17:40:27,,1953-09-01,False
SID-00-000-000-000-000-329,US-TX,1,1,Mr. Thomas Skinner,Abigail,,Torres,davidhardy@example.org,6378710704,04967 Michelle Lights Suite 033,,,Austin,50220,"(-97.785595,30.295153)",2026-07-21 22:27:03,America/Los_Angeles,,Non-binary,,,,3,2026-07-21 22:27:03,,2005-07-28,False
SID-00-000-000-000-000-330,US-VA,1,1,Anthony Torres,Amber,,Bailey,kentkaren@example.com,693-905-9660x186,984 Susan Mountain Apt. 204,,,Richmond,89970,"(-77.398586,37.572018)",2026-01-01 14:00:31,America/New_York,,Male,,,,1,2026-01-01 14:00:31,google,1957-04-21,False
SID-00-000-000-000-000-331,US-AZ,1,3,David Daniels,Matthew,,Foster,michael49@example.org,949-254-2770,57836 Bethany Common Suite 985,,,Phoenix,08895,"(-112.106949,33.464736)",2026-03-24 16:35:18,America/New_York,,Non-binary,,,,3,2026-03-24 16:35:18,facebook,2005-08-06,False
SID-00-000-000-000-000-332,US-CA,1,2,Richard Green,Troy,,Perez,dylanwilliamson@example.org,510.228.7950,0580 Michael Club Suite 181,,,Los Angeles,31562,"(-118.248046,34.042225)",2026-07-22 12:36:52,America/Chicago,,Male,,,,2,2026-07-22 12:36:52,google,1973-06-07,False
SID-00-000-000-000-000-333,US-AZ,1,2,Sandra Becker,Charles,Ronald,Campbell,nguyenkristin@example.com,(557)749-0250x42901,69026 Stephanie Fork Suite 818,,,Phoenix,07242,"(-112.032877,33.408771)",2026-08-19 20:38:53,America/Los_Angeles,,Non-binary,,,,5,2026-08-19 20:38:53,google,1958-07-17,False
SID-00-000-000-000-000-334,US-AZ,1,2,Kelly Stewart,James,Barbara,Bartlett,john53@example.com,513-976-5158x81579,92836 Catherine Underpass Suite 551,,,Mesa,11184,"(-111.808772,33.453195)",2026-04-22 16:50:56,America/Los_Angeles,,Prefer not to say,,,,1,2026-04-22 16:50:56,google,1983-12-08,False
SID-00-000-000-000-000-335,US-NC,1,3,Brittany Snyder,Nicole,,Gonzalez,nancysmith@example.org,(848)871-2060x21288,68341 Merritt Junction Apt. 015,,,Durham,59338,"(-78.878143,35.975424)",2026-08-01 12:25:30,America/Chicago,,Non-binary,,,,5,2026-08-01 12:25:30,google,1971-06-04,False
SID-00-000-000-000-000-336,US-FL,1,2,Natalie Graham,Katherine,Isabel,Quinn,hernandezalan@example.net,(976)757-2894x134,889 Mitchell Lights,,,Tampa,42257,"(-82.459007,27.973265)",2026-08-05 04:20:45,America/New_York,,Male,,,,2,2026-08-05 04:20:45,,2003-01-22,False
SID-00-000-000-000-000-337,US-AZ,1,1,Amanda Landry,Nicole,,Simon,kstone@example.net,315-542-1447x73244,13882 Carmen Canyon Apt. 070,,,Tucson,48937,"(-111.017213,32.259542)",2026-05-22 09:30:21,America/Denver,,Male,,,,5,2026-05-22 09:30:21,facebook,1993-05-25,False
SID-00-000-000-000-000-338,US-GA,1,2,Laura Dennis,Abigail,,Guerra,samantha17@example.com,741.624.1513x1528,815 Ryan Squares Suite 380,,,Augusta,83665,"(-81.97879,33.461364)",2026-02-22 19:39:07,America/Los_Angeles,,Male,,,,4,2026-02-22 19:39:07,,1958-06-26,False
SID-00-000-000-000-000-339,US-WA,1,2,Kevin Wiggins,Jeffrey,,Gonzalez,lhernandez@example.net,542.431.8306x1789,4969 Dana Orchard,,,Seattle,70029,"(-122.307576,47.654267)",2025-04-04 12:39:02,America/New_York,,Male,,,,5,2025-04-04 12:39:02,email,1985-03-16,False
SID-00-000-000-000-000-340,US-MD,1,1,Eric Hall,Kelly,,Washington,iharper@example.com,713-314-6753x6127,627 Burke Spur Apt. 044,,,Annapolis,67018,"(-76.47674,38.984633)",2026-05-02 17:19:24,America/Chicago,,Prefer not to say,,,,3,2026-05-02 17:19:24,,1987-01-27,False
SID-00-000-000-000-000-341,US-CO,1,1,Jennifer Hart,Marcus,Emily,Jenkins,qcoleman@example.org,573-350-4763x928,98006 Kimberly Isle Suite 810,,,Aurora,68481,"(-104.836647,39.715729)",2026-08-11 11:20:05,America/Denver,,Non-binary,,,,5,2026-08-11 11:20:05,email,1959-03-28,False
SID-00-000-000-000-000-342,US-CO,1,1,Victoria Massey,Randall,,Robbins,laurie55@example.com,883.900.0818,44033 Joseph Crossing,,,Denver,50027,"(-105.023884,39.693778)",2026-03-03 22:24:14,America/Chicago,,Female,,,,1,2026-03-03 22:24:14,,1958-12-11,False
SID-00-000-000-000-000-343,US-NY,1,2,Patrick Nelson,Christopher,Charles,Bowen,vsmith@example.net,+1-621-696-3945x680,14976 Jordan Forges Suite 847,,,Buffalo,37780,"(-78.909342,42.918855)",2025-11-01 07:59:14,America/New_York,,Prefer not to say,,,,4,2025-11-01 07:59:14,facebook,1986-12-20,False
SID-00-000-000-000-000-344,US-IL,1,2,Dana Smith,Tyler,,Long,kathryn17@example.org,001-606-737-5791,118 Jared Overpass,,,Chicago,78280,"(-87.674943,41.881136)",2026-07-18 09:53:25,America/Chicago,,Female,,,,2,2026-07-18 09:53:25,google,2002-11-14,False
SID-00-000-000-000-000-345,US-FL,1,2,Luis Wells,Jennifer,,Knight,briansnyder@example.com,952-705-9960x4387,7788 Samantha Manors,,,Tampa,92153,"(-82.41893,27.960655)",2026-06-25 22:36:33,America/Chicago,,Non-binary,,,,4,2026-06-25 22:36:33,email,1961-06-08,False
SID-00-000-000-000-000-346,US-NC,1,3,Adam Meyer,David,,Gonzalez,williamsroger@example.org,+1-787-728-6604x1644,48395 Kennedy Fords,,,Raleigh,43777,"(-78.674382,35.81008)",2026-08-27 22:10:21,America/Denver,,Female,,,,2,2026-08-27 22:10:21,facebook,1950-07-27,False
SID-00-000-000-000-000-347,US-OH,1,1,Sarah Taylor,Alice,,Calderon,stewartharold@example.com,304-233-1875,215 Michael Bridge Apt. 446,,,Cincinnati,77108,"(-84.527471,39.082158)",2026-06-20 03:06:07,America/Denver,,Male,,,,3,2026-06-20 03:06:07,,2004-02-04,False
SID-00-000-000-000-000-348,US-OH,1,3,Randall Villa,Ann,,May,chrishernandez@example.net,842.749.1289,973 Aaron Fort Apt. 192,,,Cincinnati,19287,"(-84.490988,39.147367)",2026-08-20 07:28:11,America/Los_Angeles,,Male,,,,5,2026-08-20 07:28:11,google,1991-08-20,False
SID-00-000-000-000-000-349,US-VA,1,1,Erica Huang,Brett,,Hunt,ecoleman@example.com,381-538-6667x5485,426 Henry Turnpike,,,Arlington,33339,"(-77.073975,38.846133)",2025-12-29 15:17:12,America/Denver,,Female,,,,1,2025-12-29 15:17:12,email,1956-01-26,False
SID-00-000-000-000-000-350,US-NY,1,3,Jessica Bailey,Anthony,,Diaz,wtownsend@example.net,(239)683-6520x37583,54809 Johnson Harbor Suite 604,,,Albany,36437,"(-73.724797,42.605831)",2026-07-13 03:27:59,America/Los_Angeles,,Female,,,,5,2026-07-13 03:27:59,email,1988-11-11,False
SID-00-000-000-000-000-351,US-CO,1,1,Samantha Roy,Sara,,Osborn,ehenry@example.net,+1-281-905-0922x2161,1843 Marvin Spring,,,Aurora,41982,"(-104.843742,39.684098)",2026-08-13 15:24:23,America/New_York,,Male,,,,3,2026-08-13 15:24:23,facebook,1985-01-29,False
SID-00-000-000-000-000-352,US-OH,1,3,William Bowen,Michael,,Smith,qbutler@example.net,2136824127,862 Larry Points,,,Cleveland,46465,"(-81.653251,41.532298)",2026-08-07 00:08:12,America/Chicago,,Female,,,,3,2026-08-07 00:08:12,,2002-03-30,False
SID-00-000-000-000-000-353,US-TX,1,1,Russell Miller,Sarah,,Davis,whitechristopher@example.com,001-602-503-5713,0642 Taylor Island,,,Dallas,54762,"(-96.750752,32.734147)",2026-08-19 21:32:58,America/Los_Angeles,,Non-binary,,,,5,2026-08-19 21:32:58,email,1953-02-06,False
SID-00-000-000-000-000-354,US-TX,1,1,Stephen Thompson,Kenneth,Heidi,Baker,xkelly@example.com,001-587-720-9628x93654,83437 Johnson Crescent Apt. 727,,,Austin,77416,"(-97.767598,30.275599)",2026-03-14 20:39:36,America/Denver,,Male,,,,5,2026-03-14 20:39:36,email,1959-12-03,False
SID-00-000-000-000-000-355,US-IL,1,3,Mary Valenzuela,Marcus,,Garcia,misty02@example.com,955.812.5427x8207,3459 Olson Locks Suite 038,,,Naperville,14637,"(-88.196212,41.755816)",2026-08-04 12:48:19,America/Chicago,,Male,,,,5,2026-08-04 12:48:19,facebook,1966-01-13,False
SID-00-000-000-000-000-356,US-FL,1,1,Tiffany Morales,Anthony,,Hunt,olivia83@example.net,001-422-550-1425x76270,4123 Samuel Stream,,,Tampa,32578,"(-82.498005,27.954304)",2025-12-04 12:38:02,America/Denver,,Female,,,,5,2025-12-04 12:38:02,,1972-03-17,False
SID-00-000-000-000-000-357,US-GA,1,3,Patricia Smith,Erik,,Garcia,ehale@example.net,(873)316-2526x5469,9039 Katrina Land Suite 580,,,Augusta,80529,"(-81.993606,33.42438)",2026-03-16 12:02:38,America/Chicago,,Male,,,,3,2026-03-16 12:02:38,,1955-05-25,False
SID-00-000-000-000-000-358,US-MD,1,3,Billy Hall,Vincent,,Williams,ryan56@example.net,(862)444-6704,8171 Parks Courts,,,Baltimore,86467,"(-76.608176,39.278988)",2025-08-18 06:35:18,America/Denver,,Prefer not to say,,,,4,2025-08-18 06:35:18,google,1983-06-08,False
SID-00-000-000-000-000-359,US-NC,1,3,Alexandria Flores,Autumn,,Cruz,psmith@example.net,(760)346-4197x8575,8612 Matthew Station,,,Durham,77853,"(-78.897211,35.963251)",2025-07-24 13:13:22,America/New_York,,Female,,,,2,2025-07-24 13:13:22,,2000-01-09,False
SID-00-000-000-000-000-360,US-AZ,1,1,Lisa Brennan,Ryan,,Marshall,martineztracy@example.com,6954465408,6075 Fields Ranch Apt. 508,,,Phoenix,97321,"(-112.041125,33.418958)",2026-08-20 23:19:15,America/Chicago,,Male,,,,4,2026-08-20 23:19:15,email,1961-12-06,False
SID-00-000-000-000-000-361,US-VA,1,3,Joseph Martinez,Duane,,Snyder,michael79@example.org,001-389-770-1550x2916,6024 Mary Meadows Apt. 394,,,Richmond,40242,"(-77.468201,37.498025)",2025-09-08 09:02:27,America/Denver,,Prefer not to say,,,,4,2025-09-08 09:02:27,,1970-08-25,False
SID-00-000-000-000-000-362,US-PA,1,3,Rebecca Benson,Brandon,Ashley,Lewis,shill@example.org,880-496-2440x630,7951 Jeffrey Station Suite 319,,,Pittsburgh,38227,"(-80.044211,40.433903)",2026-06-19 10:52:13,America/New_York,,Male,,,,1,2026-06-19 10:52:13,email,1984-06-20,False
SID-00-000-000-000-000-363,US-MD,1,1,Julia Fisher,Caitlin,,Weaver,aspears@example.com,355-972-7738x26460,38544 Hayes Mountain Apt. 299,,,Annapolis,22355,"(-76.463511,38.939014)",2026-04-15 15:11:15,America/Los_Angeles,,Prefer not to say,,,,4,2026-04-15 15:11:15,google,1991-07-24,False
SID-00-000-000-000-000-364,US-IL,1,1,Jennifer Hubbard,Karen,,Campbell,yfritz@example.net,(669)411-6331,686 Potter Manor,,,Chicago,79045,"(-87.666162,41.881447)",2026-05-31 15:09:00,America/Chicago,,Non-binary,,,,3,2026-05-31 15:09:00,google,1985-01-05,False
SID-00-000-000-000-000-365,US-GA,1,2,Lorraine Beck,Gloria,,Schultz,wayne86@example.org,(477)347-2264x0857,666 Dana River Apt. 299,,,Augusta,66477,"(-82.056323,33.437637)",2026-07-15 16:51:41,America/New_York,,Non-binary,,,,2,2026-07-15 16:51:41,email,1963-04-04,False
SID-00-000-000-000-000-366,US-NY,1,1,Monique Dougherty,Mark,,Wright,xcohen@example.org,001-796-488-3275x3273,03977 Gabriela Mills Apt. 278,,,Buffalo,84567,"(-78.843254,42.926963)",2025-08-24 15:57:45,America/Denver,,Female,,,,1,2025-08-24 15:57:45,facebook,2008-08-13,False
SID-00-000-000-000-000-367,US-PA,1,3,Erin Mora,Erik,Steven,Rivers,goodmanevelyn@example.com,676.816.4819x80770,6876 Dale Vista,,,Allentown,34907,"(-75.455061,40.643625)",2026-05-31 20:58:39,America/New_York,,Non-binary,,,,1,2026-05-31 20:58:39,facebook,1952-09-08,False
SID-00-000-000-000-000-368,US-CO,1,1,Rebecca Bowen,Michael,,Douglas,robinpope@example.org,915-617-7345x475,022 Johnson Land Suite 442,,,Aurora,74902,"(-104.848815,39.728119)",2025-10-09 18:06:45,America/New_York,,Female,,,,3,2025-10-09 18:06:45,,1993-06-08,False
SID-00-000-000-000-000-369,US-IL,1,3,Jeremiah Phillips,Julia,,Neal,catherinevillarreal@example.com,+1-830-939-4290x4588,2985 Gray Oval,,,Springfield,85485,"(-89.669532,39.793334)",2026-04-29 07:55:43,America/Denver,,Prefer not to say,,,,2,2026-04-29 07:55:43,google,1985-08-15,False
SID-00-000-000-000-000-370,US-WA,1,1,Casey Prince,Alexis,,Arroyo,jeffrey33@example.org,791-235-7790x833,158 Joseph Place Apt. 079,,,Seattle,69044,"(-122.31088,47.634766)",2026-08-06 10:34:53,America/Chicago,,Non-binary,,,,4,2026-08-06 10:34:53,,1956-05-04,False
SID-00-000-000-000-000-371,US-IL,1,3,Patrick Norris,Debra,John,Norris,mthompson@example.com,+1-541-531-2840,977 Amanda Tunnel,,,Springfield,07196,"(-89.651403,39.809177)",2025-08-10 01:22:49,America/Denver,,Female,,,,5,2025-08-10 01:22:49,facebook,1961-04-23,False
SID-00-000-000-000-000-372,US-NC,1,3,Christina Wilson,Christopher,,Gonzalez,carmenevans@example.org,001-661-873-9970,2587 Bean Hills Suite 835,,,Durham,36583,"(-78.940954,36.032634)",2025-03-15 00:51:02,America/Los_Angeles,,Female,,,,1,2025-03-15 00:51:02,email,1965-10-10,False
SID-00-000-000-000-000-373,US-GA,1,1,Lori Rodriguez,Katherine,,White,floresterri@example.com,522.516.4175x8231,458 Garcia Hills Apt. 925,,,Augusta,20999,"(-81.98298,33.47071)",2026-03-13 13:42:11,America/Denver,,Female,,,,4,2026-03-13 13:42:11,google,1988-05-22,False
SID-00-000-000-000-000-374,US-FL,1,3,Christopher Moore,Elaine,Mark,Black,yvaldez@example.com,001-843-847-4524x55574,60652 Wang Brook Apt. 344,,,Orlando,49453,"(-81.362932,28.538517)",2026-05-25 03:20:49,America/Chicago,,Female,,,,5,2026-05-25 03:20:49,facebook,1957-10-10,False
SID-00-000-000-000-000-375,US-CO,1,1,James Grant,Joanne,Lauren,Williamson,ggates@example.org,525.679.7067,10548 Kim Haven Apt. 721,,,Aurora,43039,"(-104.84602,39.72775)",2026-07-03 17:23:32,America/Denver,,Female,,,,1,2026-07-03 17:23:32,facebook,1947-03-06,False
SID-00-000-000-000-000-376,US-GA,1,1,Samantha Sawyer,Brittany,Audrey,Hoffman,ksanchez@example.net,001-948-584-0215x57325,5344 Donald Row Suite 667,,,Savannah,06796,"(-81.04941,32.069709)",2025-03-09 01:32:03,America/Denver,,Non-binary,,,,5,2025-03-09 01:32:03,facebook,2007-04-01,False
SID-00-000-000-000-000-377,US-FL,1,1,William Brooks,Ariel,,Forbes,kristy74@example.net,511-391-8182x81979,7725 Hunter Ports Suite 786,,,Tampa,03316,"(-82.448432,27.938452)",2026-04-07 18:17:24,America/Chicago,,Prefer not to say,,,,3,2026-04-07 18:17:24,email,1998-01-30,False
SID-00-000-000-000-000-378,US-IL,1,1,Marcus Price,Alan,,Morris,jonathanwalker@example.net,001-358-273-9592x32342,85155 Dominique Flats,,,Springfield,40206,"(-89.69944,39.820417)",2026-03-26 14:51:47,America/Denver,,Female,,,,2,2026-03-26 14:51:47,facebook,1970-12-24,False
SID-00-000-000-000-000-379,US-TX,1,2,Crystal Gillespie PhD,Anthony,,Rich,ymartinez@example.org,336.407.7633x691,31795 Perry Fords,,,Houston,12401,"(-95.338104,29.770602)",2026-06-20 20:43:22,America/New_York,,Prefer not to say,,,,4,2026-06-20 20:43:22,,1955-12-22,False
SID-00-000-000-000-000-380,US-NY,1,1,David Rodriguez,Stephen,Adrian,Lara,gnixon@example.com,(241)464-3167x045,90282 Heather Track,,,Albany,05611,"(-73.722864,42.618725)",2025-07-26 16:46:05,America/Chicago,,Female,,,,5,2025-07-26 16:46:05,google,1996-01-27,False
SID-00-000-000-000-000-381,US-MD,1,2,Sharon Guerrero,Nathan,,Perry,robertthompson@example.net,(825)712-0734,500 Johnson Mountains Apt. 260,,,Annapolis,71211,"(-76.525566,38.943087)",2026-06-26 03:01:23,America/New_York,,Non-binary,,,,1,2026-06-26 03:01:23,facebook,1949-07-16,False
SID-00-000-000-000-000-382,US-IL,1,2,Kelly Moore,Alexis,,Prince,barnescarl@example.com,768.772.9047x742,7932 Zachary Valley,,,Naperville,19191,"(-88.11677,41.800078)",2025-10-30 20:49:59,America/Chicago,,Non-binary,,,,2,2025-10-30 20:49:59,email,1969-06-09,False
SID-00-000-000-000-000-383,US-MD,1,1,Brandon Powell,Olivia,Daniel,Perez,jessicaturner@example.net,298.889.4256x529,20203 Randy Branch,,,Rockville,75485,"(-77.195916,39.093653)",2026-03-20 11:08:08,America/Chicago,,Prefer not to say,,,,2,2026-03-20 11:08:08,google,1959-11-24,False
SID-00-000-000-000-000-384,US-TX,1,1,Chelsea Kane,Tara,,Sullivan,shawnbaker@example.com,948-355-2457,415 May Plains Apt. 137,,,Houston,15067,"(-95.359819,29.800561)",2026-04-04 09:54:16,America/Chicago,,Male,,,,4,2026-04-04 09:54:16,,1975-12-23,False
SID-00-000-000-000-000-385,US-WA,1,1,Beth Bailey,Shaun,,Tran,burchteresa@example.org,(283)723-0358x9298,825 Craig Expressway,,,Seattle,83719,"(-122.339204,47.625964)",2026-06-07 12:48:50,America/New_York,,Prefer not to say,,,,2,2026-06-07 12:48:50,email,1953-04-06,False
SID-00-000-000-000-000-386,US-IL,1,2,Sarah Potter,Edwin,,Dunlap,rgarrison@example.org,(646)586-7752x4014,62272 Peter Estate,,,Chicago,85184,"(-87.671418,41.919109)",2026-07-25 06:56:51,America/New_York,,Male,,,,5,2026-07-25 06:56:51,google,1985-08-25,False
SID-00-000-000-000-000-387,US-GA,1,1,Danielle Bell,Jeremy,Stacy,Taylor,vmartinez@example.net,+1-923-572-4501x84819,1897 Chad Throughway Suite 406,,,Atlanta,33983,"(-84.417458,33.736503)",2026-02-09 03:32:49,America/Los_Angeles,,Non-binary,,,,3,2026-02-09 03:32:49,,1972-01-31,False
SID-00-000-000-000-000-388,US-OH,1,1,Kevin Walter,Heather,,Bauer,jeffrey11@example.net,+1-795-837-6601x444,1017 Brenda Forges Suite 417,,,Cleveland,73989,"(-81.64522,41.510488)",2026-08-25 21:55:49,America/Los_Angeles,,Female,,,,3,2026-08-25 21:55:49,,1952-10-17,False
SID-00-000-000-000-000-389,US-NC,1,1,Lisa Harrell,Elizabeth,,Williams,garzalaura@example.org,001-211-735-9966,9806 Caldwell Burg Apt. 920,,,Raleigh,83144,"(-78.610781,35.787365)",2026-08-18 23:39:56,America/New_York,,Female,,,,4,2026-08-18 23:39:56,facebook,1983-11-27,False
SID-00-000-000-000-000-390,US-CA,1,1,Thomas Pham,Jessica,Melissa,King,michael34@example.com,8577423885,1559 Leslie Inlet,,,San Jose,13778,"(-121.857692,37.339034)",2026-07-01 21:03:00,America/New_York,,Male,,,,2,2026-07-01 21:03:00,,2005-04-13,False
SID-00-000-000-000-000-391,US-MD,1,1,Jared Howell,Danielle,,Sherman,josephzimmerman@example.com,475-822-5013x94884,11964 Jennifer Place,,,Annapolis,46874,"(-76.535792,38.971938)",2026-04-06 06:57:53,America/Los_Angeles,,Prefer not to say,,,,5,2026-04-06 06:57:53,email,2003-04-12,False
SID-00-000-000-000-000-392,US-CO,1,2,Ashley Blanchard,Lisa,Paige,Carter,nguyenjeffrey@example.org,582.940.7333,04309 Massey Mall,,,Aurora,73419,"(-104.804539,39.685146)",2026-06-05 02:59:06,America/Denver,,Female,,,,1,2026-06-05 02:59:06,facebook,1970-09-06,False
SID-00-000-000-000-000-393,US-OH,1,1,Jennifer Abbott,Beverly,Courtney,Oneal,tfrancis@example.com,465-353-5851x253,519 Jennifer Stravenue Apt. 749,,,Columbus,07474,"(-83.012826,39.978602)",2026-05-24 19:46:48,America/Denver,,Prefer not to say,,,,3,2026-05-24 19:46:48,,1980-05-31,False
SID-00-000-000-000-000-394,US-FL,1,1,Kevin Brown,Wendy,,Johnson,dhansen@example.com,821.551.4940x9762,8453 Thomas Plains Suite 090,,,Tampa,93839,"(-82.505663,27.920631)",2026-07-08 04:21:10,America/Denver,,Non-binary,,,,3,2026-07-08 04:21:10,facebook,1974-09-06,False
SID-00-000-000-000-000-395,US-OH,1,1,Patricia Jones,Bryce,,Gutierrez,jessicawright@example.net,001-922-407-1511x69666,14526 Porter Ferry Suite 633,,,Columbus,46533,"(-83.008404,39.956676)",2025-07-26 10:06:21,America/New_York,,Male,,,,5,2025-07-26 10:06:21,email,1993-03-21,False
SID-00-000-000-000-000-396,US-WA,1,3,Gina Walton,Alexandria,,Smith,hendrixbrian@example.com,220-780-0564,39728 Theresa Court,,,Seattle,90046,"(-122.286429,47.636494)",2026-07-30 16:47:13,America/Los_Angeles,,Prefer not to say,,,,5,2026-07-30 16:47:13,,2007-10-13,False
SID-00-000-000-000-000-397,US-MA,1,3,Laura Vance,Jasmine,,Hobbs,williamolsen@example.com,4904814415,3929 Pace Shoals,,,Boston,72325,"(-71.012776,42.385847)",2026-06-20 07:46:48,America/Los_Angeles,,Male,,,,3,2026-06-20 07:46:48,google,2003-03-08,False
SID-00-000-000-000-000-398,US-FL,1,1,Terry Barnett,Cameron,,Sanchez,johnroth@example.org,(805)507-9181x5899,2734 Powell Lane Apt. 707,,,Tampa,14174,"(-82.485162,27.979466)",2026-07-21 22:38:44,America/Denver,,Male,,,,3,2026-07-21 22:38:44,facebook,1998-02-01,False
SID-00-000-000-000-000-399,US-NC,1,3,Mr. Jonathan Hartman,Justin,,Sutton,rosebobby@example.org,799-282-5080x0463,882 Maldonado Cape Apt. 172,,,Charlotte,29542,"(-80.818221,35.216993)",2025-10-23 03:50:56,America/Los_Angeles,,Non-binary,,,,3,2025-10-23 03:50:56,facebook,1965-12-10,False
SID-00-000-000-000-000-400,US-MD,1,2,Dalton Clark,Danielle,,Smith,sharris@example.org,503-652-6356x0229,943 Ortiz Branch Suite 664,,,Annapolis,25338,"(-76.447488,38.955308)",2026-07-04 01:09:55,America/Chicago,,Female,,,,3,2026-07-04 01:09:55,facebook,1990-07-27,False
